attribute,absFrequency,relFrequency
SMITH,2012,0.01006
JOHNSON,1620,0.0081
WILLIAMS,1398,0.00699
JONES,1242,0.00621
BROWN,1242,0.00621
DAVIS,960,0.0048
MILLER,848,0.00424
WILSON,678,0.00339
MOORE,624,0.00312
TAYLOR,622,0.00311
ANDERSON,622,0.00311
THOMAS,622,0.00311
JACKSON,620,0.0031
WHITE,558,0.00279
HARRIS,550,0.00275
MARTIN,546,0.00273
THOMPSON,538,0.00269
GARCIA,508,0.00254
MARTINEZ,468,0.00234
ROBINSON,466,0.00233
CLARK,462,0.00231
RODRIGUEZ,458,0.00229
LEWIS,452,0.00226
LEE,440,0.0022
WALKER,438,0.00219
HALL,400,0.002
ALLEN,398,0.00199
YOUNG,386,0.00193
HERNANDEZ,384,0.00192
KING,380,0.0019
WRIGHT,378,0.00189
LOPEZ,374,0.00187
HILL,374,0.00187
SCOTT,370,0.00185
GREEN,366,0.00183
ADAMS,348,0.00174
BAKER,342,0.00171
GONZALEZ,332,0.00166
NELSON,324,0.00162
CARTER,324,0.00162
MITCHELL,320,0.0016
PEREZ,310,0.00155
ROBERTS,306,0.00153
TURNER,304,0.00152
PHILLIPS,298,0.00149
CAMPBELL,298,0.00149
PARKER,292,0.00146
EVANS,282,0.00141
EDWARDS,274,0.00137
COLLINS,268,0.00134
STEWART,266,0.00133
SANCHEZ,260,0.0013
MORRIS,250,0.00125
ROGERS,246,0.00123
REED,244,0.00122
COOK,240,0.0012
MORGAN,236,0.00118
BELL,234,0.00117
MURPHY,234,0.00117
BAILEY,230,0.00115
RIVERA,226,0.00113
COOPER,226,0.00113
RICHARDSON,224,0.00112
COX,220,0.0011
HOWARD,220,0.0011
WARD,216,0.00108
TORRES,216,0.00108
PETERSON,214,0.00107
GRAY,212,0.00106
RAMIREZ,210,0.00105
JAMES,210,0.00105
WATSON,206,0.00103
BROOKS,206,0.00103
KELLY,204,0.00102
SANDERS,200,0.001
PRICE,198,0.00099
BENNETT,198,0.00099
WOOD,196,0.00098
BARNES,194,0.00097
ROSS,192,0.00096
HENDERSON,190,0.00095
COLEMAN,190,0.00095
JENKINS,190,0.00095
PERRY,188,0.00094
POWELL,186,0.00093
LONG,184,0.00092
PATTERSON,184,0.00092
HUGHES,184,0.00092
FLORES,184,0.00092
WASHINGTON,184,0.00092
BUTLER,182,0.00091
SIMMONS,182,0.00091
FOSTER,182,0.00091
GONZALES,174,0.00087
BRYANT,174,0.00087
ALEXANDER,170,0.00085
RUSSELL,170,0.00085
GRIFFIN,168,0.00084
DIAZ,168,0.00084
HAYES,166,0.00083
MYERS,166,0.00083
FORD,164,0.00082
HAMILTON,164,0.00082
GRAHAM,164,0.00082
SULLIVAN,162,0.00081
WALLACE,162,0.00081
WOODS,160,0.0008
COLE,160,0.0008
WEST,160,0.0008
JORDAN,156,0.00078
OWENS,156,0.00078
REYNOLDS,156,0.00078
FISHER,154,0.00077
ELLIS,154,0.00077
HARRISON,152,0.00076
GIBSON,150,0.00075
MCDONALD,150,0.00075
CRUZ,150,0.00075
MARSHALL,150,0.00075
ORTIZ,150,0.00075
GOMEZ,150,0.00075
MURRAY,148,0.00074
FREEMAN,148,0.00074
WELLS,146,0.00073
WEBB,144,0.00072
SIMPSON,140,0.0007
STEVENS,140,0.0007
TUCKER,140,0.0007
PORTER,138,0.00069
HUNTER,138,0.00069
HICKS,138,0.00069
CRAWFORD,136,0.00068
HENRY,136,0.00068
BOYD,136,0.00068
MASON,136,0.00068
MORALES,134,0.00067
KENNEDY,134,0.00067
WARREN,134,0.00067
DIXON,132,0.00066
RAMOS,132,0.00066
REYES,132,0.00066
BURNS,130,0.00065
GORDON,130,0.00065
SHAW,130,0.00065
HOLMES,130,0.00065
RICE,128,0.00064
ROBERTSON,128,0.00064
HUNT,126,0.00063
BLACK,126,0.00063
DANIELS,124,0.00062
PALMER,124,0.00062
MILLS,122,0.00061
NICHOLS,120,0.0006
GRANT,120,0.0006
KNIGHT,120,0.0006
FERGUSON,118,0.00059
ROSE,118,0.00059
STONE,118,0.00059
HAWKINS,118,0.00059
DUNN,116,0.00058
PERKINS,116,0.00058
HUDSON,116,0.00058
SPENCER,114,0.00057
GARDNER,114,0.00057
STEPHENS,114,0.00057
PAYNE,114,0.00057
PIERCE,112,0.00056
BERRY,112,0.00056
MATTHEWS,112,0.00056
ARNOLD,112,0.00056
WAGNER,110,0.00055
WILLIS,110,0.00055
RAY,110,0.00055
WATKINS,110,0.00055
OLSON,110,0.00055
CARROLL,110,0.00055
DUNCAN,110,0.00055
SNYDER,110,0.00055
HART,108,0.00054
CUNNINGHAM,108,0.00054
BRADLEY,108,0.00054
LANE,108,0.00054
ANDREWS,108,0.00054
RUIZ,108,0.00054
HARPER,108,0.00054
FOX,106,0.00053
RILEY,106,0.00053
ARMSTRONG,106,0.00053
CARPENTER,106,0.00053
WEAVER,106,0.00053
GREENE,106,0.00053
LAWRENCE,104,0.00052
ELLIOTT,104,0.00052
CHAVEZ,104,0.00052
SIMS,104,0.00052
AUSTIN,104,0.00052
PETERS,104,0.00052
KELLEY,104,0.00052
FRANKLIN,102,0.00051
LAWSON,102,0.00051
FIELDS,102,0.00051
GUTIERREZ,102,0.00051
RYAN,102,0.00051
SCHMIDT,102,0.00051
CARR,102,0.00051
VASQUEZ,102,0.00051
CASTILLO,102,0.00051
WHEELER,102,0.00051
CHAPMAN,100,0.0005
OLIVER,100,0.0005
MONTGOMERY,98,0.00049
RICHARDS,98,0.00049
WILLIAMSON,98,0.00049
JOHNSTON,98,0.00049
BANKS,96,0.00048
MEYER,96,0.00048
BISHOP,96,0.00048
MCCOY,96,0.00048
HOWELL,96,0.00048
ALVAREZ,96,0.00048
MORRISON,96,0.00048
HANSEN,94,0.00047
FERNANDEZ,94,0.00047
GARZA,94,0.00047
HARVEY,94,0.00047
LITTLE,92,0.00046
BURTON,92,0.00046
STANLEY,92,0.00046
NGUYEN,92,0.00046
GEORGE,92,0.00046
JACOBS,92,0.00046
REID,92,0.00046
KIM,90,0.00045
FULLER,90,0.00045
LYNCH,90,0.00045
DEAN,90,0.00045
GILBERT,90,0.00045
GARRETT,90,0.00045
ROMERO,90,0.00045
WELCH,88,0.00044
LARSON,88,0.00044
FRAZIER,88,0.00044
BURKE,88,0.00044
HANSON,86,0.00043
DAY,86,0.00043
MENDOZA,86,0.00043
MORENO,86,0.00043
BOWMAN,86,0.00043
MEDINA,84,0.00042
FOWLER,84,0.00042
BREWER,84,0.00042
HOFFMAN,84,0.00042
CARLSON,84,0.00042
SILVA,84,0.00042
PEARSON,84,0.00042
HOLLAND,84,0.00042
DOUGLAS,82,0.00041
FLEMING,82,0.00041
JENSEN,82,0.00041
VARGAS,82,0.00041
BYRD,82,0.00041
DAVIDSON,82,0.00041
HOPKINS,82,0.00041
MAY,80,0.0004
TERRY,80,0.0004
HERRERA,80,0.0004
WADE,80,0.0004
SOTO,80,0.0004
WALTERS,80,0.0004
CURTIS,80,0.0004
NEAL,78,0.00039
CALDWELL,78,0.00039
LOWE,78,0.00039
JENNINGS,78,0.00039
BARNETT,78,0.00039
GRAVES,78,0.00039
JIMENEZ,78,0.00039
HORTON,78,0.00039
SHELTON,78,0.00039
BARRETT,78,0.00039
OBRIEN,78,0.00039
CASTRO,78,0.00039
SUTTON,76,0.00038
GREGORY,76,0.00038
MCKINNEY,76,0.00038
LUCAS,76,0.00038
MILES,76,0.00038
CRAIG,76,0.00038
RODRIQUEZ,74,0.00037
CHAMBERS,74,0.00037
HOLT,74,0.00037
LAMBERT,74,0.00037
FLETCHER,74,0.00037
WATTS,74,0.00037
BATES,74,0.00037
HALE,74,0.00037
RHODES,74,0.00037
PENA,74,0.00037
BECK,74,0.00037
NEWMAN,72,0.00036
HAYNES,72,0.00036
MCDANIEL,72,0.00036
MENDEZ,72,0.00036
BUSH,72,0.00036
VAUGHN,72,0.00036
PARKS,70,0.00035
DAWSON,70,0.00035
SANTIAGO,70,0.00035
NORRIS,70,0.00035
HARDY,70,0.00035
LOVE,70,0.00035
STEELE,70,0.00035
CURRY,70,0.00035
POWERS,70,0.00035
SCHULTZ,70,0.00035
BARKER,70,0.00035
GUZMAN,68,0.00034
PAGE,68,0.00034
MUNOZ,68,0.00034
BALL,68,0.00034
KELLER,68,0.00034
CHANDLER,68,0.00034
WEBER,68,0.00034
LEONARD,68,0.00034
WALSH,66,0.00033
LYONS,66,0.00033
RAMSEY,66,0.00033
WOLFE,66,0.00033
SCHNEIDER,66,0.00033
MULLINS,66,0.00033
BENSON,66,0.00033
SHARP,66,0.00033
BOWEN,66,0.00033
DANIEL,66,0.00033
BARBER,64,0.00032
CUMMINGS,64,0.00032
HINES,64,0.00032
BALDWIN,64,0.00032
GRIFFITH,64,0.00032
VALDEZ,64,0.00032
HUBBARD,64,0.00032
SALAZAR,64,0.00032
REEVES,64,0.00032
WARNER,62,0.00031
STEVENSON,62,0.00031
BURGESS,62,0.00031
SANTOS,62,0.00031
TATE,62,0.00031
CROSS,62,0.00031
GARNER,62,0.00031
MANN,62,0.00031
MACK,62,0.00031
MOSS,62,0.00031
THORNTON,62,0.00031
DENNIS,62,0.00031
MCGEE,62,0.00031
FARMER,60,0.0003
DELGADO,60,0.0003
AGUILAR,60,0.0003
VEGA,60,0.0003
GLOVER,60,0.0003
MANNING,60,0.0003
COHEN,60,0.0003
HARMON,60,0.0003
RODGERS,60,0.0003
ROBBINS,60,0.0003
NEWTON,60,0.0003
TODD,60,0.0003
BLAIR,60,0.0003
HIGGINS,60,0.0003
INGRAM,60,0.0003
REESE,60,0.0003
CANNON,60,0.0003
STRICKLAND,60,0.0003
TOWNSEND,60,0.0003
POTTER,60,0.0003
GOODWIN,60,0.0003
WALTON,60,0.0003
ROWE,58,0.00029
HAMPTON,58,0.00029
ORTEGA,58,0.00029
PATTON,58,0.00029
SWANSON,58,0.00029
JOSEPH,58,0.00029
FRANCIS,58,0.00029
GOODMAN,58,0.00029
MALDONADO,58,0.00029
YATES,58,0.00029
BECKER,58,0.00029
ERICKSON,58,0.00029
HODGES,58,0.00029
RIOS,58,0.00029
CONNER,58,0.00029
ADKINS,58,0.00029
WEBSTER,56,0.00028
NORMAN,56,0.00028
MALONE,56,0.00028
HAMMOND,56,0.00028
FLOWERS,56,0.00028
COBB,56,0.00028
MOODY,56,0.00028
QUINN,56,0.00028
BLAKE,56,0.00028
MAXWELL,56,0.00028
POPE,56,0.00028
FLOYD,54,0.00027
OSBORNE,54,0.00027
PAUL,54,0.00027
MCCARTHY,54,0.00027
GUERRERO,54,0.00027
LINDSEY,54,0.00027
ESTRADA,54,0.00027
SANDOVAL,54,0.00027
GIBBS,54,0.00027
TYLER,54,0.00027
GROSS,54,0.00027
FITZGERALD,54,0.00027
STOKES,54,0.00027
DOYLE,54,0.00027
SHERMAN,54,0.00027
SAUNDERS,54,0.00027
WISE,54,0.00027
COLON,54,0.00027
GILL,54,0.00027
ALVARADO,54,0.00027
GREER,52,0.00026
PADILLA,52,0.00026
SIMON,52,0.00026
WATERS,52,0.00026
NUNEZ,52,0.00026
BALLARD,52,0.00026
SCHWARTZ,52,0.00026
MCBRIDE,52,0.00026
HOUSTON,52,0.00026
CHRISTENSEN,52,0.00026
KLEIN,52,0.00026
PRATT,52,0.00026
BRIGGS,52,0.00026
PARSONS,52,0.00026
MCLAUGHLIN,52,0.00026
ZIMMERMAN,52,0.00026
FRENCH,52,0.00026
BUCHANAN,52,0.00026
MORAN,52,0.00026
COPELAND,50,0.00025
ROY,50,0.00025
PITTMAN,50,0.00025
BRADY,50,0.00025
MCCORMICK,50,0.00025
HOLLOWAY,50,0.00025
BROCK,50,0.00025
POOLE,50,0.00025
FRANK,50,0.00025
LOGAN,50,0.00025
OWEN,50,0.00025
BASS,50,0.00025
MARSH,50,0.00025
DRAKE,50,0.00025
WONG,50,0.00025
JEFFERSON,50,0.00025
PARK,50,0.00025
MORTON,50,0.00025
ABBOTT,50,0.00025
SPARKS,50,0.00025
PATRICK,48,0.00024
NORTON,48,0.00024
HUFF,48,0.00024
CLAYTON,48,0.00024
MASSEY,48,0.00024
LLOYD,48,0.00024
FIGUEROA,48,0.00024
CARSON,48,0.00024
BOWERS,48,0.00024
ROBERSON,48,0.00024
BARTON,48,0.00024
TRAN,48,0.00024
LAMB,48,0.00024
HARRINGTON,48,0.00024
CASEY,48,0.00024
BOONE,48,0.00024
CORTEZ,48,0.00024
CLARKE,48,0.00024
MATHIS,48,0.00024
SINGLETON,48,0.00024
WILKINS,48,0.00024
CAIN,48,0.00024
BRYAN,48,0.00024
UNDERWOOD,48,0.00024
HOGAN,48,0.00024
MCKENZIE,46,0.00023
COLLIER,46,0.00023
LUNA,46,0.00023
PHELPS,46,0.00023
MCGUIRE,46,0.00023
ALLISON,46,0.00023
BRIDGES,46,0.00023
WILKERSON,46,0.00023
NASH,46,0.00023
SUMMERS,46,0.00023
ATKINS,46,0.00023
WILCOX,46,0.00023
PITTS,46,0.00023
CONLEY,46,0.00023
MARQUEZ,46,0.00023
BURNETT,46,0.00023
RICHARD,46,0.00023
COCHRAN,46,0.00023
CHASE,46,0.00023
DAVENPORT,46,0.00023
HOOD,46,0.00023
GATES,46,0.00023
CLAY,46,0.00023
AYALA,46,0.00023
SAWYER,46,0.00023
ROMAN,46,0.00023
VAZQUEZ,46,0.00023
DICKERSON,46,0.00023
HODGE,44,0.00022
ACOSTA,44,0.00022
FLYNN,44,0.00022
ESPINOZA,44,0.00022
NICHOLSON,44,0.00022
MONROE,44,0.00022
WOLF,44,0.00022
MORROW,44,0.00022
KIRK,44,0.00022
RANDALL,44,0.00022
ANTHONY,44,0.00022
WHITAKER,44,0.00022
OCONNOR,44,0.00022
SKINNER,44,0.00022
WARE,44,0.00022
MOLINA,44,0.00022
KIRBY,44,0.00022
HUFFMAN,44,0.00022
BRADFORD,44,0.00022
CHARLES,44,0.00022
GILMORE,44,0.00022
DOMINGUEZ,44,0.00022
ONEAL,44,0.00022
BRUCE,44,0.00022
LANG,42,0.00021
COMBS,42,0.00021
KRAMER,42,0.00021
HEATH,42,0.00021
HANCOCK,42,0.00021
GALLAGHER,42,0.00021
GAINES,42,0.00021
SHAFFER,42,0.00021
SHORT,42,0.00021
WIGGINS,42,0.00021
MATHEWS,42,0.00021
MCCLAIN,42,0.00021
FISCHER,42,0.00021
WALL,42,0.00021
SMALL,42,0.00021
MELTON,42,0.00021
HENSLEY,42,0.00021
BOND,42,0.00021
DYER,42,0.00021
CAMERON,42,0.00021
GRIMES,42,0.00021
CONTRERAS,42,0.00021
CHRISTIAN,42,0.00021
WYATT,42,0.00021
BAXTER,42,0.00021
SNOW,42,0.00021
MOSLEY,42,0.00021
SHEPHERD,42,0.00021
LARSEN,42,0.00021
HOOVER,42,0.00021
BEASLEY,40,0.0002
GLENN,40,0.0002
PETERSEN,40,0.0002
WHITEHEAD,40,0.0002
MEYERS,40,0.0002
KEITH,40,0.0002
GARRISON,40,0.0002
VINCENT,40,0.0002
SHIELDS,40,0.0002
HORN,40,0.0002
SAVAGE,40,0.0002
OLSEN,40,0.0002
SCHROEDER,40,0.0002
HARTMAN,40,0.0002
WOODARD,40,0.0002
MUELLER,40,0.0002
KEMP,40,0.0002
DELEON,40,0.0002
BOOTH,40,0.0002
PATEL,40,0.0002
CALHOUN,40,0.0002
WILEY,40,0.0002
EATON,40,0.0002
CLINE,40,0.0002
NAVARRO,40,0.0002
HARRELL,40,0.0002
LESTER,40,0.0002
HUMPHREY,40,0.0002
PARRISH,40,0.0002
DURAN,40,0.0002
HUTCHINSON,40,0.0002
HESS,40,0.0002
DORSEY,40,0.0002
BULLOCK,40,0.0002
ROBLES,40,0.0002
BEARD,38,0.00019
DALTON,38,0.00019
AVILA,38,0.00019
VANCE,38,0.00019
RICH,38,0.00019
BLACKWELL,38,0.00019
YORK,38,0.00019
JOHNS,38,0.00019
BLANKENSHIP,38,0.00019
TREVINO,38,0.00019
SALINAS,38,0.00019
CAMPOS,38,0.00019
PRUITT,38,0.00019
MOSES,38,0.00019
CALLAHAN,38,0.00019
GOLDEN,38,0.00019
MONTOYA,38,0.00019
HARDIN,38,0.00019
GUERRA,38,0.00019
MCDOWELL,38,0.00019
CAREY,38,0.00019
STAFFORD,38,0.00019
GALLEGOS,38,0.00019
HENSON,38,0.00019
WILKINSON,38,0.00019
BOOKER,38,0.00019
MERRITT,38,0.00019
MIRANDA,38,0.00019
ATKINSON,38,0.00019
ORR,38,0.00019
DECKER,38,0.00019
HOBBS,38,0.00019
PRESTON,38,0.00019
TANNER,38,0.00019
KNOX,38,0.00019
PACHECO,38,0.00019
STEPHENSON,36,0.00018
GLASS,36,0.00018
ROJAS,36,0.00018
SERRANO,36,0.00018
MARKS,36,0.00018
HICKMAN,36,0.00018
ENGLISH,36,0.00018
SWEENEY,36,0.00018
STRONG,36,0.00018
PRINCE,36,0.00018
MCCLURE,36,0.00018
CONWAY,36,0.00018
WALTER,36,0.00018
ROTH,36,0.00018
MAYNARD,36,0.00018
FARRELL,36,0.00018
LOWERY,36,0.00018
HURST,36,0.00018
NIXON,36,0.00018
WEISS,36,0.00018
TRUJILLO,36,0.00018
ELLISON,36,0.00018
SLOAN,36,0.00018
JUAREZ,36,0.00018
WINTERS,36,0.00018
MCLEAN,36,0.00018
RANDOLPH,36,0.00018
LEON,36,0.00018
BOYER,36,0.00018
VILLARREAL,36,0.00018
MCCALL,36,0.00018
GENTRY,36,0.00018
CARRILLO,34,0.00017
KENT,34,0.00017
AYERS,34,0.00017
LARA,34,0.00017
SHANNON,34,0.00017
SEXTON,34,0.00017
PACE,34,0.00017
HULL,34,0.00017
LEBLANC,34,0.00017
BROWNING,34,0.00017
VELASQUEZ,34,0.00017
LEACH,34,0.00017
CHANG,34,0.00017
HOUSE,34,0.00017
SELLERS,34,0.00017
HERRING,34,0.00017
NOBLE,34,0.00017
FOLEY,34,0.00017
BARTLETT,34,0.00017
MERCADO,34,0.00017
LANDRY,34,0.00017
DURHAM,34,0.00017
WALLS,34,0.00017
BARR,34,0.00017
MCKEE,34,0.00017
BAUER,34,0.00017
RIVERS,34,0.00017
EVERETT,34,0.00017
BRADSHAW,34,0.00017
PUGH,34,0.00017
VELEZ,34,0.00017
RUSH,34,0.00017
ESTES,34,0.00017
DODSON,34,0.00017
MORSE,34,0.00017
SHEPPARD,34,0.00017
WEEKS,34,0.00017
CAMACHO,34,0.00017
BEAN,34,0.00017
BARRON,34,0.00017
LIVINGSTON,34,0.00017
MIDDLETON,32,0.00016
SPEARS,32,0.00016
BRANCH,32,0.00016
BLEVINS,32,0.00016
CHEN,32,0.00016
KERR,32,0.00016
MCCONNELL,32,0.00016
HATFIELD,32,0.00016
HARDING,32,0.00016
ASHLEY,32,0.00016
SOLIS,32,0.00016
HERMAN,32,0.00016
FROST,32,0.00016
GILES,32,0.00016
BLACKBURN,32,0.00016
WILLIAM,32,0.00016
PENNINGTON,32,0.00016
WOODWARD,32,0.00016
FINLEY,32,0.00016
MCINTOSH,32,0.00016
KOCH,32,0.00016
BEST,32,0.00016
SOLOMON,32,0.00016
MCCULLOUGH,32,0.00016
DUDLEY,32,0.00016
NOLAN,32,0.00016
BLANCHARD,32,0.00016
RIVAS,32,0.00016
BRENNAN,32,0.00016
MEJIA,32,0.00016
KANE,32,0.00016
BENTON,32,0.00016
JOYCE,32,0.00016
BUCKLEY,32,0.00016
HALEY,32,0.00016
VALENTINE,32,0.00016
MADDOX,32,0.00016
RUSSO,32,0.00016
MCKNIGHT,32,0.00016
BUCK,32,0.00016
MOON,32,0.00016
MCMILLAN,32,0.00016
CROSBY,32,0.00016
BERG,32,0.00016
DOTSON,32,0.00016
MAYS,32,0.00016
ROACH,32,0.00016
CHURCH,32,0.00016
CHAN,32,0.00016
RICHMOND,32,0.00016
MEADOWS,32,0.00016
FAULKNER,32,0.00016
ONEILL,32,0.00016
KNAPP,32,0.00016
KLINE,30,0.00015
BARRY,30,0.00015
OCHOA,30,0.00015
JACOBSON,30,0.00015
GAY,30,0.00015
AVERY,30,0.00015
HENDRICKS,30,0.00015
HORNE,30,0.00015
SHEPARD,30,0.00015
HEBERT,30,0.00015
CHERRY,30,0.00015
CARDENAS,30,0.00015
MCINTYRE,30,0.00015
WHITNEY,30,0.00015
WALLER,30,0.00015
HOLMAN,30,0.00015
DONALDSON,30,0.00015
CANTU,30,0.00015
TERRELL,30,0.00015
MORIN,30,0.00015
GILLESPIE,30,0.00015
FUENTES,30,0.00015
TILLMAN,30,0.00015
SANFORD,30,0.00015
BENTLEY,30,0.00015
PECK,30,0.00015
KEY,30,0.00015
SALAS,30,0.00015
ROLLINS,30,0.00015
GAMBLE,30,0.00015
DICKSON,30,0.00015
BATTLE,30,0.00015
SANTANA,30,0.00015
CABRERA,30,0.00015
CERVANTES,30,0.00015
HOWE,30,0.00015
HINTON,30,0.00015
HURLEY,30,0.00015
SPENCE,30,0.00015
ZAMORA,30,0.00015
YANG,30,0.00015
MCNEIL,30,0.00015
SUAREZ,30,0.00015
CASE,30,0.00015
PETTY,30,0.00015
GOULD,30,0.00015
MCFARLAND,30,0.00015
SAMPSON,30,0.00015
CARVER,30,0.00015
BRAY,30,0.00015
ROSARIO,30,0.00015
MACDONALD,30,0.00015
STOUT,30,0.00015
HESTER,30,0.00015
MELENDEZ,30,0.00015
DILLON,30,0.00015
FARLEY,30,0.00015
HOPPER,30,0.00015
GALLOWAY,30,0.00015
POTTS,30,0.00015
BERNARD,30,0.00015
JOYNER,28,0.00014
STEIN,28,0.00014
AGUIRRE,28,0.00014
OSBORN,28,0.00014
MERCER,28,0.00014
BENDER,28,0.00014
FRANCO,28,0.00014
ROWLAND,28,0.00014
SYKES,28,0.00014
BENJAMIN,28,0.00014
TRAVIS,28,0.00014
PICKETT,28,0.00014
CRANE,28,0.00014
SEARS,28,0.00014
MAYO,28,0.00014
DUNLAP,28,0.00014
HAYDEN,28,0.00014
WILDER,28,0.00014
MCKAY,28,0.00014
COFFEY,28,0.00014
MCCARTY,28,0.00014
EWING,28,0.00014
COOLEY,28,0.00014
VAUGHAN,28,0.00014
BONNER,28,0.00014
COTTON,28,0.00014
HOLDER,28,0.00014
STARK,28,0.00014
FERRELL,28,0.00014
CANTRELL,28,0.00014
FULTON,28,0.00014
LYNN,28,0.00014
LOTT,28,0.00014
CALDERON,28,0.00014
ROSA,28,0.00014
POLLARD,28,0.00014
HOOPER,28,0.00014
BURCH,28,0.00014
MULLEN,28,0.00014
FRY,28,0.00014
RIDDLE,28,0.00014
LEVY,28,0.00014
DAVID,28,0.00014
DUKE,28,0.00014
ODONNELL,28,0.00014
GUY,28,0.00014
MICHAEL,28,0.00014
BRITT,28,0.00014
FREDERICK,28,0.00014
DAUGHERTY,28,0.00014
BERGER,28,0.00014
DILLARD,28,0.00014
ALSTON,28,0.00014
JARVIS,28,0.00014
FRYE,28,0.00014
RIGGS,28,0.00014
CHANEY,28,0.00014
ODOM,26,0.00013
DUFFY,26,0.00013
FITZPATRICK,26,0.00013
VALENZUELA,26,0.00013
MERRILL,26,0.00013
MAYER,26,0.00013
ALFORD,26,0.00013
MCPHERSON,26,0.00013
ACEVEDO,26,0.00013
DONOVAN,26,0.00013
BARRERA,26,0.00013
ALBERT,26,0.00013
COTE,26,0.00013
REILLY,26,0.00013
COMPTON,26,0.00013
RAYMOND,26,0.00013
MOONEY,26,0.00013
MCGOWAN,26,0.00013
CRAFT,26,0.00013
CLEVELAND,26,0.00013
CLEMONS,26,0.00013
WYNN,26,0.00013
NIELSEN,26,0.00013
BAIRD,26,0.00013
STANTON,26,0.00013
SNIDER,26,0.00013
ROSALES,26,0.00013
BRIGHT,26,0.00013
WITT,26,0.00013
STUART,26,0.00013
HAYS,26,0.00013
HOLDEN,26,0.00013
RUTLEDGE,26,0.00013
KINNEY,26,0.00013
CLEMENTS,26,0.00013
CASTANEDA,26,0.00013
SLATER,26,0.00013
HAHN,26,0.00013
EMERSON,26,0.00013
CONRAD,26,0.00013
BURKS,26,0.00013
DELANEY,26,0.00013
PATE,26,0.00013
LANCASTER,26,0.00013
SWEET,26,0.00013
JUSTICE,26,0.00013
TYSON,26,0.00013
SHARPE,26,0.00013
WHITFIELD,26,0.00013
TALLEY,26,0.00013
MACIAS,26,0.00013
IRWIN,26,0.00013
BURRIS,26,0.00013
RATLIFF,26,0.00013
MCCRAY,26,0.00013
MADDEN,26,0.00013
KAUFMAN,26,0.00013
BEACH,26,0.00013
GOFF,26,0.00013
CASH,26,0.00013
BOLTON,26,0.00013
MCFADDEN,26,0.00013
LEVINE,26,0.00013
GOOD,26,0.00013
BYERS,26,0.00013
KIRKLAND,26,0.00013
KIDD,26,0.00013
WORKMAN,26,0.00013
CARNEY,26,0.00013
DALE,26,0.00013
MCLEOD,26,0.00013
HOLCOMB,26,0.00013
ENGLAND,26,0.00013
FINCH,26,0.00013
HEAD,24,0.00012
BURT,24,0.00012
HENDRIX,24,0.00012
SOSA,24,0.00012
HANEY,24,0.00012
FRANKS,24,0.00012
SARGENT,24,0.00012
NIEVES,24,0.00012
DOWNS,24,0.00012
RASMUSSEN,24,0.00012
BIRD,24,0.00012
HEWITT,24,0.00012
LINDSAY,24,0.00012
LE,24,0.00012
FOREMAN,24,0.00012
VALENCIA,24,0.00012
ONEIL,24,0.00012
DELACRUZ,24,0.00012
VINSON,24,0.00012
DEJESUS,24,0.00012
HYDE,24,0.00012
FORBES,24,0.00012
GILLIAM,24,0.00012
GUTHRIE,24,0.00012
WOOTEN,24,0.00012
HUBER,24,0.00012
BARLOW,24,0.00012
BOYLE,24,0.00012
MCMAHON,24,0.00012
BUCKNER,24,0.00012
ROCHA,24,0.00012
PUCKETT,24,0.00012
LANGLEY,24,0.00012
KNOWLES,24,0.00012
COOKE,24,0.00012
VELAZQUEZ,24,0.00012
WHITLEY,24,0.00012
NOEL,24,0.00012
VANG,24,0.00012
SHEA,24,0.00012
ROUSE,24,0.00012
HARTLEY,24,0.00012
MAYFIELD,24,0.00012
ELDER,24,0.00012
RANKIN,24,0.00012
HANNA,24,0.00012
COWAN,24,0.00012
LUCERO,24,0.00012
ARROYO,24,0.00012
SLAUGHTER,24,0.00012
HAAS,24,0.00012
OCONNELL,24,0.00012
MINOR,24,0.00012
KENDRICK,24,0.00012
SHIRLEY,24,0.00012
KENDALL,24,0.00012
BOUCHER,24,0.00012
ARCHER,24,0.00012
BOGGS,24,0.00012
ODELL,24,0.00012
DOUGHERTY,24,0.00012
ANDERSEN,24,0.00012
NEWELL,24,0.00012
CROWE,24,0.00012
WANG,24,0.00012
FRIEDMAN,24,0.00012
BLAND,24,0.00012
SWAIN,24,0.00012
HOLLEY,24,0.00012
FELIX,24,0.00012
PEARCE,24,0.00012
CHILDS,24,0.00012
YARBROUGH,24,0.00012
GALVAN,24,0.00012
PROCTOR,24,0.00012
MEEKS,24,0.00012
LOZANO,24,0.00012
MORA,24,0.00012
RANGEL,24,0.00012
BACON,24,0.00012
VILLANUEVA,24,0.00012
SCHAEFER,24,0.00012
ROSADO,24,0.00012
HELMS,24,0.00012
BOYCE,24,0.00012
GOSS,24,0.00012
STINSON,22,0.00011
SMART,22,0.00011
LAKE,22,0.00011
IBARRA,22,0.00011
HUTCHINS,22,0.00011
COVINGTON,22,0.00011
REYNA,22,0.00011
GREGG,22,0.00011
WERNER,22,0.00011
CROWLEY,22,0.00011
HATCHER,22,0.00011
MACKEY,22,0.00011
BUNCH,22,0.00011
WOMACK,22,0.00011
POLK,22,0.00011
JAMISON,22,0.00011
DODD,22,0.00011
CHILDRESS,22,0.00011
CHILDERS,22,0.00011
CAMP,22,0.00011
VILLA,22,0.00011
DYE,22,0.00011
SPRINGER,22,0.00011
MAHONEY,22,0.00011
DAILEY,22,0.00011
BELCHER,22,0.00011
LOCKHART,22,0.00011
GRIGGS,22,0.00011
COSTA,22,0.00011
CONNOR,22,0.00011
BRANDT,22,0.00011
WINTER,22,0.00011
WALDEN,22,0.00011
MOSER,22,0.00011
TRACY,22,0.00011
TATUM,22,0.00011
MCCANN,22,0.00011
AKERS,22,0.00011
LUTZ,22,0.00011
PRYOR,22,0.00011
LAW,22,0.00011
OROZCO,22,0.00011
MCALLISTER,22,0.00011
LUGO,22,0.00011
DAVIES,22,0.00011
SHOEMAKER,22,0.00011
MADISON,22,0.00011
RUTHERFORD,22,0.00011
NEWSOME,22,0.00011
MAGEE,22,0.00011
CHAMBERLAIN,22,0.00011
BLANTON,22,0.00011
SIMMS,22,0.00011
GODFREY,22,0.00011
FLANAGAN,22,0.00011
CRUM,22,0.00011
CORDOVA,22,0.00011
ESCOBAR,22,0.00011
DOWNING,22,0.00011
SINCLAIR,22,0.00011
DONAHUE,22,0.00011
KRUEGER,22,0.00011
MCGINNIS,22,0.00011
GORE,22,0.00011
FARRIS,22,0.00011
WEBBER,22,0.00011
CORBETT,22,0.00011
ANDRADE,22,0.00011
STARR,22,0.00011
LYON,22,0.00011
YODER,22,0.00011
HASTINGS,22,0.00011
MCGRATH,22,0.00011
SPIVEY,22,0.00011
KRAUSE,22,0.00011
HARDEN,22,0.00011
CRABTREE,22,0.00011
KIRKPATRICK,22,0.00011
HOLLIS,22,0.00011
BRANDON,22,0.00011
ARRINGTON,22,0.00011
ERVIN,22,0.00011
CLIFTON,22,0.00011
RITTER,22,0.00011
MCGHEE,22,0.00011
BOLDEN,22,0.00011
MALONEY,22,0.00011
GAGNON,22,0.00011
DUNBAR,22,0.00011
PONCE,22,0.00011
PIKE,22,0.00011
MAYES,22,0.00011
HEARD,22,0.00011
BEATTY,22,0.00011
MOBLEY,22,0.00011
KIMBALL,22,0.00011
BUTTS,22,0.00011
MONTES,22,0.00011
HERBERT,22,0.00011
GRADY,22,0.00011
ELDRIDGE,22,0.00011
BRAUN,22,0.00011
HAMM,22,0.00011
GIBBONS,22,0.00011
SEYMOUR,22,0.00011
MOYER,22,0.00011
MANLEY,22,0.00011
HERRON,22,0.00011
PLUMMER,22,0.00011
ELMORE,22,0.00011
CRAMER,22,0.00011
GARY,22,0.00011
RUCKER,22,0.00011
HILTON,22,0.00011
BLUE,22,0.00011
PIERSON,22,0.00011
FONTENOT,22,0.00011
FIELD,22,0.00011
RUBIO,22,0.00011
GRACE,22,0.00011
GOLDSTEIN,22,0.00011
ELKINS,22,0.00011
WILLS,20,0.0001
NOVAK,20,0.0001
JOHN,20,0.0001
HICKEY,20,0.0001
WORLEY,20,0.0001
GORMAN,20,0.0001
KATZ,20,0.0001
DICKINSON,20,0.0001
BROUSSARD,20,0.0001
FRITZ,20,0.0001
WOODRUFF,20,0.0001
CROW,20,0.0001
CHRISTOPHER,20,0.0001
BRITTON,20,0.0001
FORREST,20,0.0001
NANCE,20,0.0001
LEHMAN,20,0.0001
BINGHAM,20,0.0001
ZUNIGA,20,0.0001
WHALEY,20,0.0001
SHAFER,20,0.0001
COFFMAN,20,0.0001
STEWARD,20,0.0001
DELAROSA,20,0.0001
NIX,20,0.0001
NEELY,20,0.0001
NUMBERS,20,0.0001
MATA,20,0.0001
MANUEL,20,0.0001
DAVILA,20,0.0001
MCCABE,20,0.0001
KESSLER,20,0.0001
EMERY,20,0.0001
BOWLING,20,0.0001
HINKLE,20,0.0001
WELSH,20,0.0001
PAGAN,20,0.0001
GOLDBERG,20,0.0001
GOINS,20,0.0001
CROUCH,20,0.0001
CUEVAS,20,0.0001
QUINONES,20,0.0001
MCDERMOTT,20,0.0001
HENDRICKSON,20,0.0001
SAMUELS,20,0.0001
DENTON,20,0.0001
BERGERON,20,0.0001
LAM,20,0.0001
IVEY,20,0.0001
LOCKE,20,0.0001
HAINES,20,0.0001
THURMAN,20,0.0001
SNELL,20,0.0001
HOSKINS,20,0.0001
BYRNE,20,0.0001
MILTON,20,0.0001
WINSTON,20,0.0001
ARTHUR,20,0.0001
ARIAS,20,0.0001
STANFORD,20,0.0001
ROE,20,0.0001
CORBIN,20,0.0001
BELTRAN,20,0.0001
CHAPPELL,20,0.0001
HURT,20,0.0001
DOWNEY,20,0.0001
DOOLEY,20,0.0001
TUTTLE,20,0.0001
COUCH,20,0.0001
PAYTON,20,0.0001
MCELROY,20,0.0001
CROCKETT,20,0.0001
GROVES,20,0.0001
CLEMENT,20,0.0001
LESLIE,20,0.0001
CARTWRIGHT,20,0.0001
DICKEY,20,0.0001
MCGILL,20,0.0001
DUBOIS,20,0.0001
MUNIZ,20,0.0001
ERWIN,20,0.0001
SELF,20,0.0001
TOLBERT,20,0.0001
DEMPSEY,20,0.0001
CISNEROS,20,0.0001
SEWELL,20,0.0001
LATHAM,20,0.0001
GARLAND,20,0.0001
VIGIL,20,0.0001
TAPIA,20,0.0001
STERLING,20,0.0001
RAINEY,20,0.0001
NORWOOD,20,0.0001
LACY,20,0.0001
STROUD,20,0.0001
MEADE,20,0.0001
AMOS,20,0.0001
TIPTON,20,0.0001
LORD,20,0.0001
KUHN,20,0.0001
HILLIARD,20,0.0001
BONILLA,20,0.0001
TEAGUE,20,0.0001
COURTNEY,20,0.0001
GUNN,20,0.0001
HO,20,0.0001
GREENWOOD,20,0.0001
CORREA,20,0.0001
REECE,20,0.0001
WESTON,20,0.0001
POE,20,0.0001
TRENT,20,0.0001
PINEDA,20,0.0001
PHIPPS,20,0.0001
FREY,20,0.0001
KAISER,20,0.0001
AMES,20,0.0001
PAIGE,20,0.0001
GUNTER,20,0.0001
SCHMITT,20,0.0001
MILLIGAN,20,0.0001
ESPINOSA,20,0.0001
CARLTON,20,0.0001
BOWDEN,20,0.0001
VICKERS,20,0.0001
LOWRY,20,0.0001
PRITCHARD,20,0.0001
COSTELLO,20,0.0001
PIPER,18,0.00009
MCCLELLAN,18,0.00009
LOVELL,18,0.00009
DREW,18,0.00009
SHEEHAN,18,0.00009
QUICK,18,0.00009
HATCH,18,0.00009
DOBSON,18,0.00009
SINGH,18,0.00009
JEFFRIES,18,0.00009
HOLLINGSWORTH,18,0.00009
SORENSEN,18,0.00009
MEZA,18,0.00009
FINK,18,0.00009
DONNELLY,18,0.00009
BURRELL,18,0.00009
BRUNO,18,0.00009
TOMLINSON,18,0.00009
COLBERT,18,0.00009
BILLINGS,18,0.00009
RITCHIE,18,0.00009
HELTON,18,0.00009
SUTHERLAND,18,0.00009
PEOPLES,18,0.00009
MCQUEEN,18,0.00009
GASTON,18,0.00009
THOMASON,18,0.00009
MCKINLEY,18,0.00009
GIVENS,18,0.00009
CROCKER,18,0.00009
VOGEL,18,0.00009
ROBISON,18,0.00009
DUNHAM,18,0.00009
COKER,18,0.00009
SWARTZ,18,0.00009
KEYS,18,0.00009
LILLY,18,0.00009
LADNER,18,0.00009
HANNAH,18,0.00009
WILLARD,18,0.00009
RICHTER,18,0.00009
HARGROVE,18,0.00009
EDMONDS,18,0.00009
BRANTLEY,18,0.00009
ALBRIGHT,18,0.00009
MURDOCK,18,0.00009
BOSWELL,18,0.00009
MULLER,18,0.00009
QUINTERO,18,0.00009
PADGETT,18,0.00009
KENNEY,18,0.00009
DALY,18,0.00009
CONNOLLY,18,0.00009
PIERRE,18,0.00009
INMAN,18,0.00009
QUINTANA,18,0.00009
LUND,18,0.00009
BARNARD,18,0.00009
VILLEGAS,18,0.00009
SIMONS,18,0.00009
LAND,18,0.00009
HUGGINS,18,0.00009
TIDWELL,18,0.00009
SANDERSON,18,0.00009
BULLARD,18,0.00009
MCCLENDON,18,0.00009
DUARTE,18,0.00009
DRAPER,18,0.00009
MEREDITH,18,0.00009
MARRERO,18,0.00009
DWYER,18,0.00009
ABRAMS,18,0.00009
STOVER,18,0.00009
GOODE,18,0.00009
FRASER,18,0.00009
CREWS,18,0.00009
BERNAL,18,0.00009
SMILEY,18,0.00009
GODWIN,18,0.00009
FISH,18,0.00009
CONKLIN,18,0.00009
MCNEAL,18,0.00009
BACA,18,0.00009
ESPARZA,18,0.00009
CROWDER,18,0.00009
BOWER,18,0.00009
NICHOLAS,18,0.00009
CHUNG,18,0.00009
BREWSTER,18,0.00009
MCNEILL,18,0.00009
DICK,18,0.00009
RODRIGUES,18,0.00009
LEAL,18,0.00009
COATES,18,0.00009
RAINES,18,0.00009
MCCAIN,18,0.00009
MCCORD,18,0.00009
MINER,18,0.00009
HOLBROOK,18,0.00009
SWIFT,18,0.00009
DUKES,18,0.00009
CARLISLE,18,0.00009
ALDRIDGE,18,0.00009
ACKERMAN,18,0.00009
STARKS,18,0.00009
RICKS,18,0.00009
HOLLIDAY,18,0.00009
FERRIS,18,0.00009
HAIRSTON,18,0.00009
SHEFFIELD,18,0.00009
LANGE,18,0.00009
FOUNTAIN,18,0.00009
MARINO,18,0.00009
DOSS,18,0.00009
BETTS,18,0.00009
KAPLAN,18,0.00009
CARMICHAEL,18,0.00009
BLOOM,18,0.00009
RUFFIN,18,0.00009
PENN,18,0.00009
KERN,18,0.00009
BOWLES,18,0.00009
SIZEMORE,18,0.00009
LARKIN,18,0.00009
DUPREE,18,0.00009
JEWELL,18,0.00009
SILVER,18,0.00009
SEALS,18,0.00009
METCALF,18,0.00009
HUTCHISON,18,0.00009
HENLEY,18,0.00009
FARR,18,0.00009
CASTLE,18,0.00009
MCCAULEY,18,0.00009
HANKINS,18,0.00009
GUSTAFSON,18,0.00009
DEAL,18,0.00009
CURRAN,18,0.00009
ASH,18,0.00009
WADDELL,18,0.00009
RAMEY,18,0.00009
CATES,18,0.00009
POLLOCK,18,0.00009
MAJOR,18,0.00009
IRVIN,18,0.00009
CUMMINS,18,0.00009
MESSER,18,0.00009
HELLER,18,0.00009
DEWITT,18,0.00009
LIN,18,0.00009
FUNK,18,0.00009
CORNETT,18,0.00009
PALACIOS,18,0.00009
GALINDO,18,0.00009
CANO,18,0.00009
HATHAWAY,18,0.00009
SINGER,16,0.00008
PHAM,16,0.00008
ENRIQUEZ,16,0.00008
AARON,16,0.00008
SALGADO,16,0.00008
PELLETIER,16,0.00008
PAINTER,16,0.00008
WISEMAN,16,0.00008
BLOUNT,16,0.00008
HAND,16,0.00008
FELICIANO,16,0.00008
TEMPLE,16,0.00008
HOUSER,16,0.00008
DOHERTY,16,0.00008
MEAD,16,0.00008
MCGRAW,16,0.00008
TONEY,16,0.00008
SWAN,16,0.00008
MELVIN,16,0.00008
CAPPS,16,0.00008
BLANCO,16,0.00008
BLACKMON,16,0.00008
WESLEY,16,0.00008
THOMSON,16,0.00008
MCMANUS,16,0.00008
FAIR,16,0.00008
BURKETT,16,0.00008
POST,16,0.00008
GLEASON,16,0.00008
RUDOLPH,16,0.00008
OTT,16,0.00008
DICKENS,16,0.00008
CORMIER,16,0.00008
VOSS,16,0.00008
RUSHING,16,0.00008
ROSENBERG,16,0.00008
HURD,16,0.00008
DUMAS,16,0.00008
BENITEZ,16,0.00008
ARELLANO,16,0.00008
STORY,16,0.00008
MARIN,16,0.00008
CAUDILL,16,0.00008
BRAGG,16,0.00008
JARAMILLO,16,0.00008
HUERTA,16,0.00008
GIPSON,16,0.00008
COLVIN,16,0.00008
BIGGS,16,0.00008
VELA,16,0.00008
PLATT,16,0.00008
CASSIDY,16,0.00008
TOMPKINS,16,0.00008
MCCOLLUM,16,0.00008
KAY,16,0.00008
GABRIEL,16,0.00008
DOLAN,16,0.00008
DALEY,16,0.00008
CRUMP,16,0.00008
STREET,16,0.00008
SNEED,16,0.00008
KILGORE,16,0.00008
GROVE,16,0.00008
GRIMM,16,0.00008
DAVISON,16,0.00008
BRUNSON,16,0.00008
PRATER,16,0.00008
MARCUM,16,0.00008
DEVINE,16,0.00008
KYLE,16,0.00008
DODGE,16,0.00008
STRATTON,16,0.00008
ROSAS,16,0.00008
CHOI,16,0.00008
TRIPP,16,0.00008
LEDBETTER,16,0.00008
LAY,16,0.00008
HIGHTOWER,16,0.00008
HAYWOOD,16,0.00008
FELDMAN,16,0.00008
EPPS,16,0.00008
YEAGER,16,0.00008
POSEY,16,0.00008
SYLVESTER,16,0.00008
SCRUGGS,16,0.00008
COPE,16,0.00008
STUBBS,16,0.00008
RICHEY,16,0.00008
OVERTON,16,0.00008
TROTTER,16,0.00008
SPRAGUE,16,0.00008
CORDERO,16,0.00008
BUTCHER,16,0.00008
BURGER,16,0.00008
STILES,16,0.00008
BURGOS,16,0.00008
WOODSON,16,0.00008
HORNER,16,0.00008
BASSETT,16,0.00008
PURCELL,16,0.00008
HASKINS,16,0.00008
GEE,16,0.00008
AKINS,16,0.00008
ABRAHAM,16,0.00008
HOYT,16,0.00008
ZIEGLER,16,0.00008
SPAULDING,16,0.00008
HADLEY,16,0.00008
GRUBBS,16,0.00008
SUMNER,16,0.00008
MURILLO,16,0.00008
ZAVALA,16,0.00008
SHOOK,16,0.00008
LOCKWOOD,16,0.00008
JARRETT,16,0.00008
DRISCOLL,16,0.00008
DAHL,16,0.00008
THORPE,16,0.00008
SHERIDAN,16,0.00008
REDMOND,16,0.00008
PUTNAM,16,0.00008
MCWILLIAMS,16,0.00008
MCRAE,16,0.00008
CORNELL,16,0.00008
FELTON,16,0.00008
ROMANO,16,0.00008
JOINER,16,0.00008
SADLER,16,0.00008
HEDRICK,16,0.00008
HAGER,16,0.00008
HAGEN,16,0.00008
FITCH,16,0.00008
COULTER,16,0.00008
THACKER,16,0.00008
MANSFIELD,16,0.00008
LANGSTON,16,0.00008
GUIDRY,16,0.00008
FERREIRA,16,0.00008
CORLEY,16,0.00008
CONN,16,0.00008
ROSSI,16,0.00008
LACKEY,16,0.00008
CODY,16,0.00008
BAEZ,16,0.00008
SAENZ,16,0.00008
MCNAMARA,16,0.00008
DARNELL,16,0.00008
MICHEL,16,0.00008
MCMULLEN,16,0.00008
MCKENNA,16,0.00008
MCDONOUGH,16,0.00008
LINK,16,0.00008
ENGEL,16,0.00008
BROWNE,16,0.00008
ROPER,16,0.00008
PEACOCK,16,0.00008
EUBANKS,16,0.00008
DRUMMOND,16,0.00008
STRINGER,16,0.00008
PRITCHETT,16,0.00008
PARHAM,16,0.00008
MIMS,16,0.00008
LANDERS,16,0.00008
HAM,16,0.00008
GRAYSON,16,0.00008
STACY,16,0.00008
SCHAFER,16,0.00008
EGAN,16,0.00008
TIMMONS,16,0.00008
OHARA,16,0.00008
KEEN,16,0.00008
HAMLIN,16,0.00008
FINN,16,0.00008
CORTES,16,0.00008
MCNAIR,16,0.00008
LOUIS,16,0.00008
CLIFFORD,16,0.00008
NADEAU,16,0.00008
MOSELEY,16,0.00008
MICHAUD,16,0.00008
ROSEN,16,0.00008
OAKES,16,0.00008
KURTZ,16,0.00008
JEFFERS,16,0.00008
CALLOWAY,16,0.00008
BEAL,16,0.00008
BAUTISTA,16,0.00008
WINN,16,0.00008
SUGGS,16,0.00008
STERN,16,0.00008
STAPLETON,16,0.00008
LYLES,16,0.00008
LAIRD,16,0.00008
MONTANO,16,0.00008
DIAMOND,16,0.00008
DAWKINS,16,0.00008
ROLAND,16,0.00008
HAGAN,16,0.00008
GOLDMAN,16,0.00008
BRYSON,16,0.00008
BARAJAS,16,0.00008
LOVETT,16,0.00008
SEGURA,16,0.00008
METZ,16,0.00008
LOCKETT,16,0.00008
LANGFORD,16,0.00008
HINSON,16,0.00008
EASTMAN,16,0.00008
ROCK,16,0.00008
HOOKS,16,0.00008
WOODY,14,0.00007
SMALLWOOD,14,0.00007
SHAPIRO,14,0.00007
CROWELL,14,0.00007
WHALEN,14,0.00007
TRIPLETT,14,0.00007
HOOKER,14,0.00007
CHATMAN,14,0.00007
ALDRICH,14,0.00007
CAHILL,14,0.00007
YOUNGBLOOD,14,0.00007
YBARRA,14,0.00007
STALLINGS,14,0.00007
SHEETS,14,0.00007
SAMUEL,14,0.00007
REEDER,14,0.00007
PERSON,14,0.00007
PACK,14,0.00007
LACEY,14,0.00007
CONNELLY,14,0.00007
BATEMAN,14,0.00007
ABERNATHY,14,0.00007
WINKLER,14,0.00007
WILKES,14,0.00007
MASTERS,14,0.00007
HACKETT,14,0.00007
GRANGER,14,0.00007
GILLIS,14,0.00007
SCHMITZ,14,0.00007
SAPP,14,0.00007
NAPIER,14,0.00007
SOUZA,14,0.00007
LANIER,14,0.00007
GOMES,14,0.00007
WEIR,14,0.00007
OTERO,14,0.00007
LEDFORD,14,0.00007
BURROUGHS,14,0.00007
BABCOCK,14,0.00007
VENTURA,14,0.00007
SIEGEL,14,0.00007
DUGAN,14,0.00007
CLINTON,14,0.00007
CHRISTIE,14,0.00007
BLEDSOE,14,0.00007
ATWOOD,14,0.00007
WRAY,14,0.00007
VARNER,14,0.00007
SPANGLER,14,0.00007
OTTO,14,0.00007
ANAYA,14,0.00007
STALEY,14,0.00007
KRAFT,14,0.00007
FOURNIER,14,0.00007
EDDY,14,0.00007
BELANGER,14,0.00007
WOLFF,14,0.00007
THORNE,14,0.00007
BYNUM,14,0.00007
BURNETTE,14,0.00007
BOYKIN,14,0.00007
SWENSON,14,0.00007
PURVIS,14,0.00007
PINA,14,0.00007
KHAN,14,0.00007
DUVALL,14,0.00007
DARBY,14,0.00007
XIONG,14,0.00007
KAUFFMAN,14,0.00007
ALI,14,0.00007
YU,14,0.00007
HEALY,14,0.00007
ENGLE,14,0.00007
CORONA,14,0.00007
BENOIT,14,0.00007
VALLE,14,0.00007
STEINER,14,0.00007
SPICER,14,0.00007
SHAVER,14,0.00007
RANDLE,14,0.00007
LUNDY,14,0.00007
DOW,14,0.00007
CHIN,14,0.00007
CALVERT,14,0.00007
STATON,14,0.00007
NEFF,14,0.00007
KEARNEY,14,0.00007
DARDEN,14,0.00007
OAKLEY,14,0.00007
MEDEIROS,14,0.00007
MCCRACKEN,14,0.00007
CRENSHAW,14,0.00007
BLOCK,14,0.00007
BEAVER,14,0.00007
PERDUE,14,0.00007
DILL,14,0.00007
WHITTAKER,14,0.00007
TOBIN,14,0.00007
CORNELIUS,14,0.00007
WASHBURN,14,0.00007
HOGUE,14,0.00007
GOODRICH,14,0.00007
EASLEY,14,0.00007
BRAVO,14,0.00007
DENNISON,14,0.00007
VERA,14,0.00007
SHIPLEY,14,0.00007
KERNS,14,0.00007
JORGENSEN,14,0.00007
CRAIN,14,0.00007
ABEL,14,0.00007
VILLALOBOS,14,0.00007
MAURER,14,0.00007
LONGORIA,14,0.00007
KEENE,14,0.00007
COON,14,0.00007
SIERRA,14,0.00007
WITHERSPOON,14,0.00007
STAPLES,14,0.00007
PETTIT,14,0.00007
KINCAID,14,0.00007
EASON,14,0.00007
MADRID,14,0.00007
ECHOLS,14,0.00007
LUSK,14,0.00007
WU,14,0.00007
STAHL,14,0.00007
CURRIE,14,0.00007
THAYER,14,0.00007
SHULTZ,14,0.00007
SHERWOOD,14,0.00007
MCNALLY,14,0.00007
SEAY,14,0.00007
NORTH,14,0.00007
MAHER,14,0.00007
KENNY,14,0.00007
HOPE,14,0.00007
GAGNE,14,0.00007
BARROW,14,0.00007
NAVA,14,0.00007
MYLES,14,0.00007
MORELAND,14,0.00007
HONEYCUTT,14,0.00007
HEARN,14,0.00007
DIGGS,14,0.00007
CARON,14,0.00007
WHITTEN,14,0.00007
WESTBROOK,14,0.00007
STOVALL,14,0.00007
RAGLAND,14,0.00007
QUEEN,14,0.00007
MUNSON,14,0.00007
MEIER,14,0.00007
LOONEY,14,0.00007
KIMBLE,14,0.00007
JOLLY,14,0.00007
HOBSON,14,0.00007
LONDON,14,0.00007
GODDARD,14,0.00007
CULVER,14,0.00007
BURR,14,0.00007
PRESLEY,14,0.00007
NEGRON,14,0.00007
CONNELL,14,0.00007
TOVAR,14,0.00007
MARCUS,14,0.00007
HUDDLESTON,14,0.00007
HAMMER,14,0.00007
ASHBY,14,0.00007
SALTER,14,0.00007
ROOT,14,0.00007
PENDLETON,14,0.00007
OLEARY,14,0.00007
NICKERSON,14,0.00007
MYRICK,14,0.00007
JUDD,14,0.00007
JACOBSEN,14,0.00007
ELLIOT,14,0.00007
BAIN,14,0.00007
ADAIR,14,0.00007
STARNES,14,0.00007
SHELDON,14,0.00007
MATOS,14,0.00007
LIGHT,14,0.00007
BUSBY,14,0.00007
HERNDON,14,0.00007
HANLEY,14,0.00007
BELLAMY,14,0.00007
JACK,14,0.00007
DOTY,14,0.00007
BARTLEY,14,0.00007
YAZZIE,14,0.00007
ROWELL,14,0.00007
PARSON,14,0.00007
GIFFORD,14,0.00007
CULLEN,14,0.00007
CHRISTIANSEN,14,0.00007
BENAVIDES,14,0.00007
BARNHART,14,0.00007
TALBOT,14,0.00007
MOCK,14,0.00007
CRANDALL,14,0.00007
CONNORS,14,0.00007
BONDS,14,0.00007
WHITT,14,0.00007
GAGE,14,0.00007
BERGMAN,14,0.00007
ARREDONDO,14,0.00007
ADDISON,14,0.00007
MARION,14,0.00007
LUJAN,14,0.00007
DOWDY,14,0.00007
JERNIGAN,14,0.00007
HUYNH,14,0.00007
BOUCHARD,14,0.00007
DUTTON,14,0.00007
RHOADES,14,0.00007
OUELLETTE,14,0.00007
KISER,14,0.00007
RUBIN,14,0.00007
HERRINGTON,14,0.00007
HARE,14,0.00007
DENNY,14,0.00007
BLACKMAN,14,0.00007
BABB,14,0.00007
ALLRED,14,0.00007
RUDD,14,0.00007
PAULSON,14,0.00007
OGDEN,14,0.00007
KOENIG,14,0.00007
JACOB,14,0.00007
IRVING,14,0.00007
GEIGER,14,0.00007
BEGAY,14,0.00007
PARRA,14,0.00007
CHAMPION,14,0.00007
LASSITER,14,0.00007
HAWK,14,0.00007
ESPOSITO,14,0.00007
CHO,14,0.00007
WALDRON,14,0.00007
VERNON,14,0.00007
RANSOM,14,0.00007
PRATHER,14,0.00007
KEENAN,14,0.00007
JEAN,14,0.00007
GROVER,14,0.00007
CHACON,14,0.00007
VICK,14,0.00007
SANDS,14,0.00007
ROARK,14,0.00007
PARR,14,0.00007
MAYBERRY,14,0.00007
GREENBERG,14,0.00007
COLEY,14,0.00007
BRUNER,14,0.00007
WHITMAN,14,0.00007
SKAGGS,14,0.00007
SHIPMAN,14,0.00007
MEANS,14,0.00007
LEARY,14,0.00007
HUTTON,14,0.00007
ROMO,14,0.00007
MEDRANO,14,0.00007
LADD,14,0.00007
KRUSE,14,0.00007
FRIEND,14,0.00007
DARLING,14,0.00007
ASKEW,14,0.00007
VALENTIN,14,0.00007
SCHULZ,14,0.00007
ALFARO,14,0.00007
TABOR,14,0.00007
MOHR,14,0.00007
GALLO,14,0.00007
BERMUDEZ,14,0.00007
PEREIRA,14,0.00007
ISAAC,14,0.00007
BLISS,14,0.00007
REAVES,12,0.00006
FLINT,12,0.00006
COMER,12,0.00006
BOSTON,12,0.00006
WOODALL,12,0.00006
NAQUIN,12,0.00006
GUEVARA,12,0.00006
EARL,12,0.00006
DELONG,12,0.00006
CARRIER,12,0.00006
PICKENS,12,0.00006
BRAND,12,0.00006
TILLEY,12,0.00006
SCHAFFER,12,0.00006
READ,12,0.00006
LIM,12,0.00006
KNUTSON,12,0.00006
FENTON,12,0.00006
DORAN,12,0.00006
CHU,12,0.00006
VOGT,12,0.00006
VANN,12,0.00006
PRESCOTT,12,0.00006
MCLAIN,12,0.00006
LANDIS,12,0.00006
CORCORAN,12,0.00006
AMBROSE,12,0.00006
ZAPATA,12,0.00006
HYATT,12,0.00006
HEMPHILL,12,0.00006
FAULK,12,0.00006
CALL,12,0.00006
DOVE,12,0.00006
BOUDREAUX,12,0.00006
ARAGON,12,0.00006
WHITLOCK,12,0.00006
TREJO,12,0.00006
TACKETT,12,0.00006
SHEARER,12,0.00006
SALDANA,12,0.00006
HANKS,12,0.00006
GOLD,12,0.00006
DRIVER,12,0.00006
MCKINNON,12,0.00006
KOEHLER,12,0.00006
CHAMPAGNE,12,0.00006
BOURGEOIS,12,0.00006
POOL,12,0.00006
KEYES,12,0.00006
GOODSON,12,0.00006
FOOTE,12,0.00006
EARLY,12,0.00006
LUNSFORD,12,0.00006
GOLDSMITH,12,0.00006
FLOOD,12,0.00006
WINSLOW,12,0.00006
SAMS,12,0.00006
REAGAN,12,0.00006
MCCLOUD,12,0.00006
HOUGH,12,0.00006
ESQUIVEL,12,0.00006
NAYLOR,12,0.00006
LOOMIS,12,0.00006
CORONADO,12,0.00006
LUDWIG,12,0.00006
BRASWELL,12,0.00006
BEARDEN,12,0.00006
SHERRILL,12,0.00006
HUANG,12,0.00006
FAGAN,12,0.00006
EZELL,12,0.00006
EDMONDSON,12,0.00006
CYR,12,0.00006
CRONIN,12,0.00006
NUNN,12,0.00006
LEMON,12,0.00006
GUILLORY,12,0.00006
GRIER,12,0.00006
DUBOSE,12,0.00006
TRAYLOR,12,0.00006
RYDER,12,0.00006
DOBBINS,12,0.00006
COYLE,12,0.00006
APONTE,12,0.00006
WHITMORE,12,0.00006
SMALLS,12,0.00006
ROWAN,12,0.00006
MALLOY,12,0.00006
CARDONA,12,0.00006
BRAXTON,12,0.00006
BORDEN,12,0.00006
HUMPHRIES,12,0.00006
CARRASCO,12,0.00006
RUFF,12,0.00006
METZGER,12,0.00006
HUNTLEY,12,0.00006
HINOJOSA,12,0.00006
FINNEY,12,0.00006
MADSEN,12,0.00006
HONG,12,0.00006
HILLS,12,0.00006
ERNST,12,0.00006
DOZIER,12,0.00006
BURKHART,12,0.00006
BOWSER,12,0.00006
PERALTA,12,0.00006
DAIGLE,12,0.00006
WHITTINGTON,12,0.00006
SORENSON,12,0.00006
SAUCEDO,12,0.00006
ROCHE,12,0.00006
REDDING,12,0.00006
LOYD,12,0.00006
FUGATE,12,0.00006
AVALOS,12,0.00006
WAITE,12,0.00006
LIND,12,0.00006
HUSTON,12,0.00006
HAY,12,0.00006
BENEDICT,12,0.00006
HAWTHORNE,12,0.00006
HAMBY,12,0.00006
BOYLES,12,0.00006
BOLES,12,0.00006
REGAN,12,0.00006
FAUST,12,0.00006
CROOK,12,0.00006
BEAM,12,0.00006
BARGER,12,0.00006
HINDS,12,0.00006
GALLARDO,12,0.00006
ELIAS,12,0.00006
WILLOUGHBY,12,0.00006
WILLINGHAM,12,0.00006
WILBURN,12,0.00006
ECKERT,12,0.00006
BUSCH,12,0.00006
ZEPEDA,12,0.00006
WORTHINGTON,12,0.00006
TINSLEY,12,0.00006
RUSS,12,0.00006
LI,12,0.00006
HOFF,12,0.00006
HAWLEY,12,0.00006
CARMONA,12,0.00006
VARELA,12,0.00006
RECTOR,12,0.00006
NEWCOMB,12,0.00006
MALLORY,12,0.00006
KINSEY,12,0.00006
DUBE,12,0.00006
WHATLEY,12,0.00006
STRANGE,12,0.00006
RAGSDALE,12,0.00006
IVY,12,0.00006
BERNSTEIN,12,0.00006
BECERRA,12,0.00006
YOST,12,0.00006
MATTSON,12,0.00006
LY,12,0.00006
FELDER,12,0.00006
CHEEK,12,0.00006
LUKE,12,0.00006
HANDY,12,0.00006
GROSSMAN,12,0.00006
GAUTHIER,12,0.00006
ESCOBEDO,12,0.00006
BRADEN,12,0.00006
BECKMAN,12,0.00006
MOTT,12,0.00006
HILLMAN,12,0.00006
GIL,12,0.00006
FLAHERTY,12,0.00006
DYKES,12,0.00006
DOE,12,0.00006
STOCKTON,12,0.00006
STEARNS,12,0.00006
LOFTON,12,0.00006
KITCHEN,12,0.00006
COATS,12,0.00006
CAVAZOS,12,0.00006
BEAVERS,12,0.00006
BARRIOS,12,0.00006
TANG,12,0.00006
PARISH,12,0.00006
MOSHER,12,0.00006
LINCOLN,12,0.00006
CARDWELL,12,0.00006
COLES,12,0.00006
BURNHAM,12,0.00006
WELLER,12,0.00006
LEMONS,12,0.00006
BEEBE,12,0.00006
AGUILERA,12,0.00006
RING,12,0.00006
PARNELL,12,0.00006
HARMAN,12,0.00006
COUTURE,12,0.00006
ALLEY,12,0.00006
SCHUMACHER,12,0.00006
REDD,12,0.00006
DOBBS,12,0.00006
BLUM,12,0.00006
BLALOCK,12,0.00006
MERCHANT,12,0.00006
ENNIS,12,0.00006
DENSON,12,0.00006
COTTRELL,12,0.00006
CHESTER,12,0.00006
BRANNON,12,0.00006
BAGLEY,12,0.00006
AVILES,12,0.00006
WATT,12,0.00006
SOUSA,12,0.00006
ROSENTHAL,12,0.00006
ROONEY,12,0.00006
DIETZ,12,0.00006
BLANK,12,0.00006
PAQUETTE,12,0.00006
MCCLELLAND,12,0.00006
DUFF,12,0.00006
VELASCO,12,0.00006
LENTZ,12,0.00006
GRUBB,12,0.00006
BURROWS,12,0.00006
BARBOUR,12,0.00006
ULRICH,12,0.00006
SHOCKLEY,12,0.00006
RADER,12,0.00006
GERMAN,12,0.00006
BEYER,12,0.00006
MIXON,12,0.00006
LAYTON,12,0.00006
ALTMAN,12,0.00006
ALONZO,12,0.00006
WEATHERS,12,0.00006
TITUS,12,0.00006
STONER,12,0.00006
SQUIRES,12,0.00006
SHIPP,12,0.00006
PRIEST,12,0.00006
LIPSCOMB,12,0.00006
CUTLER,12,0.00006
CABALLERO,12,0.00006
ZIMMER,12,0.00006
WILLETT,12,0.00006
THURSTON,12,0.00006
STOREY,12,0.00006
MEDLEY,12,0.00006
LYLE,12,0.00006
EPPERSON,12,0.00006
SHAH,12,0.00006
MCMILLIAN,12,0.00006
BAGGETT,12,0.00006
TORREZ,12,0.00006
LAWS,12,0.00006
HIRSCH,12,0.00006
DENT,12,0.00006
COREY,12,0.00006
POIRIER,12,0.00006
PEACHEY,12,0.00006
JACQUES,12,0.00006
FARRAR,12,0.00006
CREECH,12,0.00006
BARTH,12,0.00006
TRIMBLE,12,0.00006
FRANCE,12,0.00006
DUPRE,12,0.00006
ALBRECHT,12,0.00006
SAMPLE,12,0.00006
LAWLER,12,0.00006
CRISP,12,0.00006
CONROY,12,0.00006
CHADWICK,12,0.00006
WETZEL,12,0.00006
NESBITT,12,0.00006
MURRY,12,0.00006
JAMESON,12,0.00006
WILHELM,12,0.00006
PATTEN,12,0.00006
MINTON,12,0.00006
MATSON,12,0.00006
KIMBROUGH,12,0.00006
IVERSON,12,0.00006
GUINN,12,0.00006
GALE,12,0.00006
FORTUNE,12,0.00006
CROFT,12,0.00006
TOTH,12,0.00006
PULLIAM,12,0.00006
NUGENT,12,0.00006
NEWBY,12,0.00006
LITTLEJOHN,12,0.00006
DIAS,12,0.00006
CANALES,12,0.00006
BERNIER,12,0.00006
BARON,12,0.00006
BARNEY,12,0.00006
SINGLETARY,12,0.00006
RENTERIA,12,0.00006
PRUETT,12,0.00006
MCHUGH,12,0.00006
MABRY,12,0.00006
LANDRUM,12,0.00006
BROWER,12,0.00006
WELDON,12,0.00006
STODDARD,12,0.00006
RUTH,12,0.00006
CAGLE,12,0.00006
STJOHN,12,0.00006
SCALES,12,0.00006
KOHLER,12,0.00006
KELLOGG,12,0.00006
HOPSON,12,0.00006
GANT,12,0.00006
THARP,12,0.00006
GANN,12,0.00006
ZEIGLER,12,0.00006
PRINGLE,12,0.00006
HAMMONS,12,0.00006
FAIRCHILD,12,0.00006
DEATON,12,0.00006
CHAVIS,12,0.00006
CARNES,12,0.00006
ROWLEY,12,0.00006
MATLOCK,12,0.00006
LIBBY,12,0.00006
KEARNS,12,0.00006
IRIZARRY,12,0.00006
CARRINGTON,12,0.00006
STARKEY,12,0.00006
PEPPER,12,0.00006
LOPES,12,0.00006
JARRELL,12,0.00006
FAY,12,0.00006
CRAVEN,12,0.00006
BEVERLY,12,0.00006
BAUM,12,0.00006
SPAIN,10,0.00005
LITTLEFIELD,10,0.00005
LINN,10,0.00005
HUMPHREYS,10,0.00005
HOOK,10,0.00005
HIGH,10,0.00005
ETHERIDGE,10,0.00005
CUELLAR,10,0.00005
CHASTAIN,10,0.00005
CHANCE,10,0.00005
BUNDY,10,0.00005
SPEER,10,0.00005
SKELTON,10,0.00005
QUIROZ,10,0.00005
PYLE,10,0.00005
PORTILLO,10,0.00005
PONDER,10,0.00005
MOULTON,10,0.00005
MACHADO,10,0.00005
LIU,10,0.00005
KILLIAN,10,0.00005
HUTSON,10,0.00005
HITCHCOCK,10,0.00005
ELLSWORTH,10,0.00005
DOWLING,10,0.00005
CLOUD,10,0.00005
BURDICK,10,0.00005
SPANN,10,0.00005
PEDERSEN,10,0.00005
LEVIN,10,0.00005
LEGGETT,10,0.00005
HAYWARD,10,0.00005
HACKER,10,0.00005
DIETRICH,10,0.00005
BEAULIEU,10,0.00005
BARKSDALE,10,0.00005
WAKEFIELD,10,0.00005
SNOWDEN,10,0.00005
PARIS,10,0.00005
BRISCOE,10,0.00005
BOWIE,10,0.00005
BERMAN,10,0.00005
OGLE,10,0.00005
MCGREGOR,10,0.00005
LAUGHLIN,10,0.00005
HELM,10,0.00005
BURDEN,10,0.00005
WHEATLEY,10,0.00005
SCHREIBER,10,0.00005
PRESSLEY,10,0.00005
PARRIS,10,0.00005
NG,10,0.00005
ALANIZ,10,0.00005
AGEE,10,0.00005
URBAN,10,0.00005
SWANN,10,0.00005
SNODGRASS,10,0.00005
SCHUSTER,10,0.00005
RADFORD,10,0.00005
MONK,10,0.00005
MATTINGLY,10,0.00005
MAIN,10,0.00005
LAMAR,10,0.00005
HARP,10,0.00005
GIRARD,10,0.00005
CHENEY,10,0.00005
YANCEY,10,0.00005
WAGONER,10,0.00005
RIDLEY,10,0.00005
LOMBARDO,10,0.00005
LAU,10,0.00005
HUDGINS,10,0.00005
GASKINS,10,0.00005
DUCKWORTH,10,0.00005
COE,10,0.00005
COBURN,10,0.00005
WILLEY,10,0.00005
PRADO,10,0.00005
NEWBERRY,10,0.00005
MAGANA,10,0.00005
HAMMONDS,10,0.00005
ELAM,10,0.00005
WHIPPLE,10,0.00005
SLADE,10,0.00005
SERNA,10,0.00005
OJEDA,10,0.00005
LILES,10,0.00005
DORMAN,10,0.00005
DIEHL,10,0.00005
ANGEL,10,0.00005
UPTON,10,0.00005
REARDON,10,0.00005
MICHAELS,10,0.00005
KELSEY,10,0.00005
GOETZ,10,0.00005
ELLER,10,0.00005
BAUMAN,10,0.00005
BAER,10,0.00005
AUGUSTINE,10,0.00005
LAYNE,10,0.00005
HUMMEL,10,0.00005
BRENNER,10,0.00005
AMAYA,10,0.00005
ADAMSON,10,0.00005
ORNELAS,10,0.00005
DOWELL,10,0.00005
CLOUTIER,10,0.00005
CHRISTY,10,0.00005
CASTELLANOS,10,0.00005
WING,10,0.00005
WELLMAN,10,0.00005
SAYLOR,10,0.00005
OROURKE,10,0.00005
MOYA,10,0.00005
MONTALVO,10,0.00005
KILPATRICK,10,0.00005
HARLEY,10,0.00005
DURBIN,10,0.00005
SHELL,10,0.00005
OLDHAM,10,0.00005
KANG,10,0.00005
GARVIN,10,0.00005
FOSS,10,0.00005
BRANHAM,10,0.00005
BARTHOLOMEW,10,0.00005
TEMPLETON,10,0.00005
MAGUIRE,10,0.00005
HOLTON,10,0.00005
ALONSO,10,0.00005
RIDER,10,0.00005
MONAHAN,10,0.00005
MCCORMACK,10,0.00005
BEATY,10,0.00005
ANDERS,10,0.00005
STREETER,10,0.00005
NIETO,10,0.00005
NIELSON,10,0.00005
MOFFETT,10,0.00005
LANKFORD,10,0.00005
KEATING,10,0.00005
HECK,10,0.00005
GATLIN,10,0.00005
DELATORRE,10,0.00005
CALLAWAY,10,0.00005
ADCOCK,10,0.00005
WORRELL,10,0.00005
UNGER,10,0.00005
ROBINETTE,10,0.00005
NOWAK,10,0.00005
JETER,10,0.00005
BRUNNER,10,0.00005
ASHTON,10,0.00005
STEEN,10,0.00005
PARROTT,10,0.00005
OVERSTREET,10,0.00005
NOBLES,10,0.00005
MONTANEZ,10,0.00005
LUTHER,10,0.00005
CLEVENGER,10,0.00005
BRINKLEY,10,0.00005
TRAHAN,10,0.00005
QUARLES,10,0.00005
PICKERING,10,0.00005
PEDERSON,10,0.00005
JANSEN,10,0.00005
GRANTHAM,10,0.00005
GILCHRIST,10,0.00005
CRESPO,10,0.00005
AIKEN,10,0.00005
SCHELL,10,0.00005
SCHAEFFER,10,0.00005
LORENZ,10,0.00005
LEYVA,10,0.00005
HARMS,10,0.00005
DYSON,10,0.00005
WALLIS,10,0.00005
PEASE,10,0.00005
LEAVITT,10,0.00005
HYMAN,10,0.00005
CHENG,10,0.00005
CAVANAUGH,10,0.00005
BATTS,10,0.00005
WARDEN,10,0.00005
SEAMAN,10,0.00005
ROCKWELL,10,0.00005
QUEZADA,10,0.00005
PAXTON,10,0.00005
LINDER,10,0.00005
HOUCK,10,0.00005
FONTAINE,10,0.00005
DURANT,10,0.00005
CARUSO,10,0.00005
ADLER,10,0.00005
PIMENTEL,10,0.00005
MIZE,10,0.00005
LYTLE,10,0.00005
DONALD,10,0.00005
CLEARY,10,0.00005
CASON,10,0.00005
ACKER,10,0.00005
SWITZER,10,0.00005
SALMON,10,0.00005
ISAACS,10,0.00005
HIGGINBOTHAM,10,0.00005
HAN,10,0.00005
WATERMAN,10,0.00005
VANDYKE,10,0.00005
STAMPER,10,0.00005
SISK,10,0.00005
SHULER,10,0.00005
RIDDICK,10,0.00005
REDMAN,10,0.00005
MCMAHAN,10,0.00005
LEVESQUE,10,0.00005
HATTON,10,0.00005
BRONSON,10,0.00005
BOLLINGER,10,0.00005
ARNETT,10,0.00005
OKEEFE,10,0.00005
GERBER,10,0.00005
GANNON,10,0.00005
FARNSWORTH,10,0.00005
BAUGHMAN,10,0.00005
SILVERMAN,10,0.00005
SATTERFIELD,10,0.00005
ROYAL,10,0.00005
MCCRARY,10,0.00005
KOWALSKI,10,0.00005
JOY,10,0.00005
GRIGSBY,10,0.00005
GRECO,10,0.00005
CABRAL,10,0.00005
TROUT,10,0.00005
RINEHART,10,0.00005
MAHON,10,0.00005
LINTON,10,0.00005
GOODEN,10,0.00005
CURLEY,10,0.00005
BAUGH,10,0.00005
WYMAN,10,0.00005
WEINER,10,0.00005
SCHWAB,10,0.00005
SCHULER,10,0.00005
MORRISSEY,10,0.00005
MAHAN,10,0.00005
COY,10,0.00005
BUNN,10,0.00005
ANDREW,10,0.00005
THRASHER,10,0.00005
SPEAR,10,0.00005
WAGGONER,10,0.00005
SHELLEY,10,0.00005
ROBERT,10,0.00005
QUALLS,10,0.00005
PURDY,10,0.00005
MCWHORTER,10,0.00005
MAULDIN,10,0.00005
MARK,10,0.00005
JORDON,10,0.00005
GILMAN,10,0.00005
PERRYMAN,10,0.00005
NEWSOM,10,0.00005
MENARD,10,0.00005
MARTINO,10,0.00005
GRAF,10,0.00005
BILLINGSLEY,10,0.00005
ARTIS,10,0.00005
SIMPKINS,10,0.00005
SALISBURY,10,0.00005
QUINTANILLA,10,0.00005
GILLILAND,10,0.00005
FRALEY,10,0.00005
FOUST,10,0.00005
CROUSE,10,0.00005
SCARBOROUGH,10,0.00005
NGO,10,0.00005
GRISSOM,10,0.00005
FULTZ,10,0.00005
RICO,10,0.00005
MARLOW,10,0.00005
MARKHAM,10,0.00005
MADRIGAL,10,0.00005
LAWTON,10,0.00005
BARFIELD,10,0.00005
WHITING,10,0.00005
VARNEY,10,0.00005
SCHWARZ,10,0.00005
HUEY,10,0.00005
GOOCH,10,0.00005
ARCE,10,0.00005
WHEAT,10,0.00005
TRUONG,10,0.00005
POULIN,10,0.00005
MACKENZIE,10,0.00005
LEONE,10,0.00005
HURTADO,10,0.00005
SELBY,10,0.00005
GAITHER,10,0.00005
FORTNER,10,0.00005
CULPEPPER,10,0.00005
COUGHLIN,10,0.00005
BRINSON,10,0.00005
BOUDREAU,10,0.00005
BARKLEY,10,0.00005
BALES,10,0.00005
STEPP,10,0.00005
HOLM,10,0.00005
TAN,10,0.00005
SCHILLING,10,0.00005
MORRELL,10,0.00005
KAHN,10,0.00005
HEATON,10,0.00005
GAMEZ,10,0.00005
DOUGLASS,10,0.00005
CAUSEY,10,0.00005
BROTHERS,10,0.00005
TURPIN,10,0.00005
SHANKS,10,0.00005
SCHRADER,10,0.00005
MEEK,10,0.00005
ISOM,10,0.00005
HARDISON,10,0.00005
CARRANZA,10,0.00005
YANEZ,10,0.00005
WAY,10,0.00005
SCROGGINS,10,0.00005
SCHOFIELD,10,0.00005
RUNYON,10,0.00005
RATCLIFF,10,0.00005
MURRELL,10,0.00005
MOELLER,10,0.00005
IRBY,10,0.00005
CURRIER,10,0.00005
BUTTERFIELD,10,0.00005
YEE,10,0.00005
RALSTON,10,0.00005
PULLEN,10,0.00005
PINSON,10,0.00005
ESTEP,10,0.00005
EAST,10,0.00005
CARBONE,10,0.00005
LANCE,10,0.00005
HAWKS,10,0.00005
ELLINGTON,10,0.00005
CASILLAS,10,0.00005
SPURLOCK,10,0.00005
SIKES,10,0.00005
MOTLEY,10,0.00005
MCCARTNEY,10,0.00005
KRUGER,10,0.00005
ISBELL,10,0.00005
HOULE,10,0.00005
FRANCISCO,10,0.00005
BURK,10,0.00005
BONE,10,0.00005
TOMLIN,10,0.00005
SHELBY,10,0.00005
QUIGLEY,10,0.00005
NEUMANN,10,0.00005
LOVELACE,10,0.00005
FENNELL,10,0.00005
COLBY,10,0.00005
CHEATHAM,10,0.00005
BUSTAMANTE,10,0.00005
SKIDMORE,10,0.00005
HIDALGO,10,0.00005
FORMAN,10,0.00005
CULP,10,0.00005
BOWENS,10,0.00005
BETANCOURT,10,0.00005
AQUINO,10,0.00005
ROBB,10,0.00005
REA,10,0.00005
MILNER,10,0.00005
MARTEL,10,0.00005
GRESHAM,10,0.00005
WILES,10,0.00005
RICKETTS,10,0.00005
GAVIN,10,0.00005
DOWD,10,0.00005
COLLAZO,10,0.00005
BOSTIC,10,0.00005
BLAKELY,10,0.00005
SHERROD,10,0.00005
POWER,10,0.00005
KENYON,10,0.00005
GANDY,10,0.00005
EBERT,10,0.00005
DELOACH,10,0.00005
CARY,10,0.00005
BULL,10,0.00005
ALLARD,10,0.00005
SAUER,10,0.00005
ROBINS,10,0.00005
OLIVARES,10,0.00005
GILLETTE,10,0.00005
CHESTNUT,10,0.00005
BOURQUE,10,0.00005
PAINE,10,0.00005
LYMAN,10,0.00005
HITE,10,0.00005
HAUSER,10,0.00005
DEVORE,10,0.00005
CRAWLEY,10,0.00005
CHAPA,10,0.00005
VU,10,0.00005
TOBIAS,10,0.00005
TALBERT,10,0.00005
POINDEXTER,10,0.00005
MILLARD,10,0.00005
MEADOR,10,0.00005
MCDUFFIE,10,0.00005
MATTOX,10,0.00005
KRAUS,10,0.00005
HARKINS,10,0.00005
CHOATE,10,0.00005
BESS,10,0.00005
WREN,10,0.00005
SLEDGE,10,0.00005
SANBORN,10,0.00005
OUTLAW,10,0.00005
KINDER,10,0.00005
GEARY,10,0.00005
CORNWELL,10,0.00005
BARCLAY,10,0.00005
ADAM,10,0.00005
ABNEY,10,0.00005
SEWARD,10,0.00005
RHOADS,10,0.00005
HOWLAND,10,0.00005
FORTIER,10,0.00005
EASTER,10,0.00005
BENNER,10,0.00005
VINES,10,0.00005
TUBBS,10,0.00005
TROUTMAN,10,0.00005
RAPP,10,0.00005
NOE,10,0.00005
MCCURDY,10,0.00005
HARDER,10,0.00005
DELUCA,10,0.00005
WESTMORELAND,10,0.00005
SOUTH,10,0.00005
HAVENS,10,0.00005
GUAJARDO,10,0.00005
ELY,10,0.00005
CLARY,10,0.00005
SEAL,10,0.00005
MEEHAN,10,0.00005
HERZOG,10,0.00005
GUILLEN,10,0.00005
ASHCRAFT,10,0.00005
WAUGH,10,0.00005
RENNER,10,0.00005
MILAM,10,0.00005
JUNG,10,0.00005
ELROD,10,0.00005
CHURCHILL,10,0.00005
BUFORD,10,0.00005
BREAUX,10,0.00005
BOLIN,10,0.00005
ASHER,10,0.00005
WINDHAM,10,0.00005
TIRADO,10,0.00005
PEMBERTON,10,0.00005
NOLEN,10,0.00005
NOLAND,10,0.00005
KNOTT,10,0.00005
EMMONS,10,0.00005
CORNISH,10,0.00005
CHRISTENSON,10,0.00005
BROWNLEE,10,0.00005
BARBEE,10,0.00005
WALDROP,8,0.00004
PITT,8,0.00004
OLVERA,8,0.00004
LOMBARDI,8,0.00004
GRUBER,8,0.00004
GAFFNEY,8,0.00004
EGGLESTON,8,0.00004
BANDA,8,0.00004
ARCHULETA,8,0.00004
STILL,8,0.00004
SLONE,8,0.00004
PREWITT,8,0.00004
PFEIFFER,8,0.00004
NETTLES,8,0.00004
MENA,8,0.00004
MCADAMS,8,0.00004
HENNING,8,0.00004
GARDINER,8,0.00004
CROMWELL,8,0.00004
CHISHOLM,8,0.00004
BURLESON,8,0.00004
BOX,8,0.00004
VEST,8,0.00004
OGLESBY,8,0.00004
MCCARTER,8,0.00004
MALCOLM,8,0.00004
LUMPKIN,8,0.00004
LARUE,8,0.00004
GREY,8,0.00004
WOFFORD,8,0.00004
VANHORN,8,0.00004
THORN,8,0.00004
TEEL,8,0.00004
SWAFFORD,8,0.00004
STCLAIR,8,0.00004
STANFIELD,8,0.00004
OCAMPO,8,0.00004
HERRMANN,8,0.00004
HANNON,8,0.00004
ARSENAULT,8,0.00004
ROUSH,8,0.00004
MCALISTER,8,0.00004
HIATT,8,0.00004
GUNDERSON,8,0.00004
FORSYTHE,8,0.00004
DUGGAN,8,0.00004
DELVALLE,8,0.00004
CINTRON,8,0.00004
WILKS,8,0.00004
WEINSTEIN,8,0.00004
URIBE,8,0.00004
RIZZO,8,0.00004
NOYES,8,0.00004
MCLENDON,8,0.00004
GURLEY,8,0.00004
BETHEA,8,0.00004
WINSTEAD,8,0.00004
MAPLES,8,0.00004
HARRY,8,0.00004
GUYTON,8,0.00004
GIORDANO,8,0.00004
ALDERMAN,8,0.00004
VALDES,8,0.00004
POLANCO,8,0.00004
PAPPAS,8,0.00004
LIVELY,8,0.00004
GROGAN,8,0.00004
GRIFFITHS,8,0.00004
BOBO,8,0.00004
AREVALO,8,0.00004
WHITSON,8,0.00004
SOWELL,8,0.00004
RENDON,8,0.00004
MATTHEW,8,0.00004
JULIAN,8,0.00004
FERNANDES,8,0.00004
FARROW,8,0.00004
EDMOND,8,0.00004
BENAVIDEZ,8,0.00004
AYRES,8,0.00004
ALICEA,8,0.00004
STUMP,8,0.00004
SMALLEY,8,0.00004
SEITZ,8,0.00004
SCHULTE,8,0.00004
GILLEY,8,0.00004
GALLANT,8,0.00004
DEWEY,8,0.00004
CASPER,8,0.00004
CANFIELD,8,0.00004
WOLFORD,8,0.00004
OMALLEY,8,0.00004
MCNUTT,8,0.00004
MCNULTY,8,0.00004
MCGOVERN,8,0.00004
HARDMAN,8,0.00004
HARBIN,8,0.00004
COWART,8,0.00004
CHAVARRIA,8,0.00004
BRINK,8,0.00004
BECKETT,8,0.00004
BAGWELL,8,0.00004
ARMSTEAD,8,0.00004
ANGLIN,8,0.00004
ABREU,8,0.00004
REYNOSO,8,0.00004
KREBS,8,0.00004
JETT,8,0.00004
HOFFMANN,8,0.00004
GREENFIELD,8,0.00004
FORTE,8,0.00004
BURNEY,8,0.00004
BROOME,8,0.00004
SISSON,8,0.00004
PARENT,8,0.00004
JUDE,8,0.00004
YOUNGER,8,0.00004
TRAMMELL,8,0.00004
PARTRIDGE,8,0.00004
MARVIN,8,0.00004
MACE,8,0.00004
LOMAX,8,0.00004
LEMIEUX,8,0.00004
GOSSETT,8,0.00004
FRANTZ,8,0.00004
FOGLE,8,0.00004
COONEY,8,0.00004
BROUGHTON,8,0.00004
PENCE,8,0.00004
PAULSEN,8,0.00004
NEIL,8,0.00004
MUNCY,8,0.00004
MCARTHUR,8,0.00004
HOLLINS,8,0.00004
EDWARD,8,0.00004
BEAUCHAMP,8,0.00004
WITHERS,8,0.00004
OSORIO,8,0.00004
MULLIGAN,8,0.00004
HOYLE,8,0.00004
FOY,8,0.00004
DOCKERY,8,0.00004
COCKRELL,8,0.00004
BEGLEY,8,0.00004
AMADOR,8,0.00004
ROBY,8,0.00004
RAINS,8,0.00004
LINDQUIST,8,0.00004
GENTILE,8,0.00004
EVERHART,8,0.00004
BOHANNON,8,0.00004
WYLIE,8,0.00004
THAO,8,0.00004
SOMMERS,8,0.00004
PURNELL,8,0.00004
PALMA,8,0.00004
FORTIN,8,0.00004
DUNNING,8,0.00004
BREEDEN,8,0.00004
VAIL,8,0.00004
PHELAN,8,0.00004
PHAN,8,0.00004
MARX,8,0.00004
COSBY,8,0.00004
COLBURN,8,0.00004
CHONG,8,0.00004
BOLING,8,0.00004
BIDDLE,8,0.00004
LEDESMA,8,0.00004
GADDIS,8,0.00004
DENNEY,8,0.00004
CHOW,8,0.00004
BUENO,8,0.00004
BERRIOS,8,0.00004
WICKER,8,0.00004
TOLLIVER,8,0.00004
THIBODEAUX,8,0.00004
NAGLE,8,0.00004
LAVOIE,8,0.00004
FISK,8,0.00004
DO,8,0.00004
CRIST,8,0.00004
BARBOSA,8,0.00004
REEDY,8,0.00004
MARCH,8,0.00004
LOCKLEAR,8,0.00004
KOLB,8,0.00004
HIMES,8,0.00004
BEHRENS,8,0.00004
BECKWITH,8,0.00004
BECKHAM,8,0.00004
WEEMS,8,0.00004
WAHL,8,0.00004
SHORTER,8,0.00004
SHACKELFORD,8,0.00004
REES,8,0.00004
MUSE,8,0.00004
FREE,8,0.00004
CERDA,8,0.00004
VALADEZ,8,0.00004
THIBODEAU,8,0.00004
SAAVEDRA,8,0.00004
RIDGEWAY,8,0.00004
REITER,8,0.00004
MCHENRY,8,0.00004
MAJORS,8,0.00004
LACHANCE,8,0.00004
KEATON,8,0.00004
ISRAEL,8,0.00004
FERRARA,8,0.00004
FALCON,8,0.00004
CLEMENS,8,0.00004
BLOCKER,8,0.00004
APPLEGATE,8,0.00004
PAZ,8,0.00004
NEEDHAM,8,0.00004
MOJICA,8,0.00004
KUYKENDALL,8,0.00004
HAMEL,8,0.00004
ESCAMILLA,8,0.00004
DOUGHTY,8,0.00004
BURCHETT,8,0.00004
AINSWORTH,8,0.00004
WILBUR,8,0.00004
VIDAL,8,0.00004
UPCHURCH,8,0.00004
THIGPEN,8,0.00004
STRAUSS,8,0.00004
SPRUILL,8,0.00004
SOWERS,8,0.00004
RIGGINS,8,0.00004
RICKER,8,0.00004
MCCOMBS,8,0.00004
HARLOW,8,0.00004
GARNETT,8,0.00004
BUFFINGTON,8,0.00004
YI,8,0.00004
SOTELO,8,0.00004
OLIVAS,8,0.00004
NEGRETE,8,0.00004
MOREY,8,0.00004
MACON,8,0.00004
LOGSDON,8,0.00004
LAPOINTE,8,0.00004
FLORENCE,8,0.00004
CATHEY,8,0.00004
BIGELOW,8,0.00004
BELLO,8,0.00004
WESTFALL,8,0.00004
STUBBLEFIELD,8,0.00004
PEAK,8,0.00004
LINDLEY,8,0.00004
JEFFREY,8,0.00004
HEIN,8,0.00004
HAWES,8,0.00004
FARRINGTON,8,0.00004
EDGE,8,0.00004
BREEN,8,0.00004
BIRCH,8,0.00004
WILDE,8,0.00004
STEED,8,0.00004
SEPULVEDA,8,0.00004
REINHARDT,8,0.00004
PROFFITT,8,0.00004
MINTER,8,0.00004
MESSINA,8,0.00004
MCNABB,8,0.00004
MAIER,8,0.00004
KEELER,8,0.00004
GAMBOA,8,0.00004
DONOHUE,8,0.00004
DEXTER,8,0.00004
BASHAM,8,0.00004
SHINN,8,0.00004
ORLANDO,8,0.00004
CROOKS,8,0.00004
COTA,8,0.00004
BORDERS,8,0.00004
BILLS,8,0.00004
BACHMAN,8,0.00004
TISDALE,8,0.00004
TAVARES,8,0.00004
SCHMID,8,0.00004
PICKARD,8,0.00004
JASPER,8,0.00004
GULLEY,8,0.00004
FONSECA,8,0.00004
DELOSSANTOS,8,0.00004
CONDON,8,0.00004
CLANCY,8,0.00004
BATISTA,8,0.00004
WICKS,8,0.00004
WADSWORTH,8,0.00004
NEW,8,0.00004
MARTELL,8,0.00004
LO,8,0.00004
LITTLETON,8,0.00004
ISON,8,0.00004
HAAG,8,0.00004
FOLSOM,8,0.00004
BRUMFIELD,8,0.00004
BROYLES,8,0.00004
BRITO,8,0.00004
MIRELES,8,0.00004
MCDONNELL,8,0.00004
LECLAIR,8,0.00004
HAMBLIN,8,0.00004
GOUGH,8,0.00004
FANNING,8,0.00004
BINDER,8,0.00004
WINFIELD,8,0.00004
WHITWORTH,8,0.00004
SORIANO,8,0.00004
PALUMBO,8,0.00004
NEWKIRK,8,0.00004
MANGUM,8,0.00004
HUTCHERSON,8,0.00004
COMSTOCK,8,0.00004
CECIL,8,0.00004
CARLIN,8,0.00004
BEALL,8,0.00004
BAIR,8,0.00004
WENDT,8,0.00004
WATTERS,8,0.00004
WALLING,8,0.00004
PUTMAN,8,0.00004
OTOOLE,8,0.00004
OLIVA,8,0.00004
MORLEY,8,0.00004
MARES,8,0.00004
LEMUS,8,0.00004
KEENER,8,0.00004
JEFFERY,8,0.00004
HUNDLEY,8,0.00004
DIAL,8,0.00004
DAMICO,8,0.00004
BILLUPS,8,0.00004
STROTHER,8,0.00004
MCFARLANE,8,0.00004
LAMM,8,0.00004
EAVES,8,0.00004
CRUTCHER,8,0.00004
CARABALLO,8,0.00004
CANTY,8,0.00004
ATWELL,8,0.00004
TAFT,8,0.00004
SILER,8,0.00004
RUST,8,0.00004
RAWLS,8,0.00004
RAWLINGS,8,0.00004
PRIETO,8,0.00004
NILES,8,0.00004
MCNEELY,8,0.00004
MCAFEE,8,0.00004
HULSEY,8,0.00004
HARLAN,8,0.00004
HACKNEY,8,0.00004
GALVEZ,8,0.00004
ESCALANTE,8,0.00004
DELAGARZA,8,0.00004
CRIDER,8,0.00004
CHARLTON,8,0.00004
BANDY,8,0.00004
WILBANKS,8,0.00004
STOWE,8,0.00004
STEINBERG,8,0.00004
SAMSON,8,0.00004
RENFRO,8,0.00004
MASTERSON,8,0.00004
MASSIE,8,0.00004
LANHAM,8,0.00004
HASKELL,8,0.00004
HAMRICK,8,0.00004
FORT,8,0.00004
DEHART,8,0.00004
CARD,8,0.00004
BURDETTE,8,0.00004
BRANSON,8,0.00004
BOURNE,8,0.00004
BABIN,8,0.00004
ALEMAN,8,0.00004
WORTHY,8,0.00004
TIBBS,8,0.00004
SWEAT,8,0.00004
SMOOT,8,0.00004
SLACK,8,0.00004
PARADIS,8,0.00004
PACKARD,8,0.00004
MULL,8,0.00004
LUCE,8,0.00004
HOUGHTON,8,0.00004
GANTT,8,0.00004
FURMAN,8,0.00004
DANNER,8,0.00004
CHRISTIANSON,8,0.00004
BURGE,8,0.00004
BRODERICK,8,0.00004
ASHFORD,8,0.00004
ARNDT,8,0.00004
ALMEIDA,8,0.00004
STALLWORTH,8,0.00004
SHADE,8,0.00004
SEARCY,8,0.00004
SAGER,8,0.00004
NOONAN,8,0.00004
MCLEMORE,8,0.00004
MCINTIRE,8,0.00004
MAXEY,8,0.00004
LAVIGNE,8,0.00004
JOBE,8,0.00004
IRELAND,8,0.00004
FERRER,8,0.00004
FALK,8,0.00004
EDGAR,8,0.00004
COFFIN,8,0.00004
BYRNES,8,0.00004
ARANDA,8,0.00004
APODACA,8,0.00004
STAMPS,8,0.00004
ROUNDS,8,0.00004
PEEK,8,0.00004
OLMSTEAD,8,0.00004
LEWANDOWSKI,8,0.00004
KAMINSKI,8,0.00004
HER,8,0.00004
DUNAWAY,8,0.00004
BRUNS,8,0.00004
BRACKETT,8,0.00004
AMATO,8,0.00004
REICH,8,0.00004
MCCLUNG,8,0.00004
LACROIX,8,0.00004
KOONTZ,8,0.00004
HERRICK,8,0.00004
HARDESTY,8,0.00004
FLANDERS,8,0.00004
COUSINS,8,0.00004
CLOSE,8,0.00004
CATO,8,0.00004
CADE,8,0.00004
VICKERY,8,0.00004
SHANK,8,0.00004
NAGEL,8,0.00004
DUPUIS,8,0.00004
CROTEAU,8,0.00004
COTTER,8,0.00004
CABLE,8,0.00004
STUCKEY,8,0.00004
STINE,8,0.00004
PORTERFIELD,8,0.00004
PAULEY,8,0.00004
NYE,8,0.00004
MOFFITT,8,0.00004
LU,8,0.00004
KNUDSEN,8,0.00004
HARDWICK,8,0.00004
GOFORTH,8,0.00004
DUPONT,8,0.00004
BLUNT,8,0.00004
BARROWS,8,0.00004
BARNHILL,8,0.00004
SHULL,8,0.00004
RASH,8,0.00004
RALPH,8,0.00004
PENNY,8,0.00004
LORENZO,8,0.00004
LOFTIS,8,0.00004
LEMAY,8,0.00004
KITCHENS,8,0.00004
HORVATH,8,0.00004
GRENIER,8,0.00004
FUCHS,8,0.00004
FAIRBANKS,8,0.00004
CULBERTSON,8,0.00004
CALKINS,8,0.00004
BURNSIDE,8,0.00004
BEATTIE,8,0.00004
ASHWORTH,8,0.00004
ALBERTSON,8,0.00004
WERTZ,8,0.00004
VO,8,0.00004
VAUGHT,8,0.00004
VALLEJO,8,0.00004
TYREE,8,0.00004
TURK,8,0.00004
TUCK,8,0.00004
TIJERINA,8,0.00004
SAGE,8,0.00004
PICARD,8,0.00004
PETERMAN,8,0.00004
OTIS,8,0.00004
MARROQUIN,8,0.00004
MARR,8,0.00004
LANTZ,8,0.00004
HOANG,8,0.00004
DEMARCO,8,0.00004
DAILY,8,0.00004
CONE,8,0.00004
BERUBE,8,0.00004
BARNETTE,8,0.00004
WHARTON,8,0.00004
STINNETT,8,0.00004
SLOCUM,8,0.00004
SCANLON,8,0.00004
SANDER,8,0.00004
PINTO,8,0.00004
MANCUSO,8,0.00004
LIMA,8,0.00004
JUDGE,8,0.00004
HEADLEY,8,0.00004
EPSTEIN,8,0.00004
COUNTS,8,0.00004
CLARKSON,8,0.00004
CARNAHAN,8,0.00004
BRICE,8,0.00004
BOREN,8,0.00004
ARTEAGA,8,0.00004
ADAME,8,0.00004
ZOOK,8,0.00004
WHITTLE,8,0.00004
WHITEHURST,8,0.00004
WENZEL,8,0.00004
SAXTON,8,0.00004
RHEA,8,0.00004
REDDICK,8,0.00004
PUENTE,8,0.00004
HAZEL,8,0.00004
HANDLEY,8,0.00004
HAGGERTY,8,0.00004
EARLEY,8,0.00004
DEVLIN,8,0.00004
DALLAS,8,0.00004
CHAFFIN,8,0.00004
CADY,8,0.00004
AHMED,8,0.00004
ACUNA,8,0.00004
SOLANO,8,0.00004
SIGLER,8,0.00004
POLLACK,8,0.00004
PENDERGRASS,8,0.00004
OSTRANDER,8,0.00004
JANES,8,0.00004
FRANCOIS,8,0.00004
FINE,8,0.00004
CRUTCHFIELD,8,0.00004
CORDELL,8,0.00004
CHAMBERLIN,8,0.00004
BRUBAKER,8,0.00004
BAPTISTE,8,0.00004
WILLSON,8,0.00004
REIS,8,0.00004
NEELEY,8,0.00004
MULLIN,8,0.00004
MERCIER,8,0.00004
LIRA,8,0.00004
LAYMAN,8,0.00004
KEELING,8,0.00004
HIGDON,8,0.00004
GUEST,8,0.00004
FORRESTER,8,0.00004
ESPINAL,8,0.00004
DION,8,0.00004
CHAPIN,8,0.00004
CARL,8,0.00004
WARFIELD,8,0.00004
TOLEDO,8,0.00004
PULIDO,8,0.00004
PEEBLES,8,0.00004
NAGY,8,0.00004
MONTAGUE,8,0.00004
MELLO,8,0.00004
LEAR,8,0.00004
JAEGER,8,0.00004
HOGG,8,0.00004
GRAFF,8,0.00004
FURR,8,0.00004
DERRICK,8,0.00004
CAVE,8,0.00004
CANADA,8,0.00004
SOLIZ,8,0.00004
POORE,8,0.00004
MENDENHALL,8,0.00004
MCLAURIN,8,0.00004
MAESTAS,8,0.00004
LOW,8,0.00004
GABLE,8,0.00004
BELT,8,0.00004
BARRAZA,8,0.00004
TILLERY,8,0.00004
SNEAD,8,0.00004
POND,8,0.00004
NEILL,8,0.00004
MCCULLOCH,8,0.00004
MCCORKLE,8,0.00004
LIGHTFOOT,8,0.00004
HUTCHINGS,8,0.00004
HOLLOMAN,8,0.00004
HARNESS,8,0.00004
DORN,8,0.00004
COUNCIL,8,0.00004
BOCK,8,0.00004
ZIELINSKI,8,0.00004
TURLEY,8,0.00004
TREADWELL,8,0.00004
STPIERRE,8,0.00004
STARLING,8,0.00004
SOMERS,8,0.00004
OSWALD,8,0.00004
MERRICK,8,0.00004
MARQUIS,8,0.00004
IVORY,8,0.00004
EASTERLING,8,0.00004
BIVENS,8,0.00004
TRUITT,8,0.00004
POSTON,8,0.00004
PARRY,8,0.00004
ONTIVEROS,8,0.00004
OLIVAREZ,8,0.00004
NEVILLE,8,0.00004
MOREAU,8,0.00004
MEDLIN,8,0.00004
MA,8,0.00004
LENZ,8,0.00004
KNOWLTON,8,0.00004
FAIRLEY,8,0.00004
COBBS,8,0.00004
CHISOLM,8,0.00004
BANNISTER,8,0.00004
WOODWORTH,8,0.00004
TOLER,8,0.00004
OCASIO,8,0.00004
NORIEGA,8,0.00004
NEUMAN,8,0.00004
MOYE,8,0.00004
MILBURN,8,0.00004
MCCLANAHAN,8,0.00004
LILLEY,8,0.00004
HANES,8,0.00004
FLANNERY,8,0.00004
DELLINGER,8,0.00004
DANIELSON,8,0.00004
CONTI,8,0.00004
BLODGETT,8,0.00004
BEERS,8,0.00004
WEATHERFORD,8,0.00004
STRAIN,8,0.00004
KARR,8,0.00004
HITT,8,0.00004
DENHAM,8,0.00004
CUSTER,8,0.00004
COBLE,8,0.00004
CLOUGH,8,0.00004
CASTEEL,8,0.00004
BOLDUC,8,0.00004
BATCHELOR,8,0.00004
AMMONS,8,0.00004
WHITLOW,8,0.00004
TIERNEY,8,0.00004
STATEN,8,0.00004
SIBLEY,8,0.00004
SEIFERT,8,0.00004
SCHUBERT,8,0.00004
SALCEDO,8,0.00004
MATTISON,8,0.00004
LANEY,8,0.00004
HAGGARD,8,0.00004
GROOMS,8,0.00004
DIX,8,0.00004
DEES,8,0.00004
CROMER,8,0.00004
COOKS,8,0.00004
COLSON,8,0.00004
CASWELL,8,0.00004
ZARATE,8,0.00004
SWISHER,8,0.00004
STACEY,8,0.00004
SHIN,8,0.00004
RAGAN,8,0.00004
PRIDGEN,8,0.00004
MCVEY,8,0.00004
MATHENY,8,0.00004
LEIGH,8,0.00004
LAFLEUR,8,0.00004
FRANZ,8,0.00004
FERRARO,8,0.00004
DUGGER,8,0.00004
WHITESIDE,8,0.00004
RIGSBY,8,0.00004
MCMURRAY,8,0.00004
LEHMANN,8,0.00004
LARGE,8,0.00004
JACOBY,8,0.00004
HILDEBRAND,8,0.00004
HENDRICK,8,0.00004
HEADRICK,8,0.00004
GOAD,8,0.00004
FINCHER,8,0.00004
DRURY,8,0.00004
BORGES,8,0.00004
ARCHIBALD,8,0.00004
ALBERS,8,0.00004
WOODCOCK,8,0.00004
TRAPP,8,0.00004
SOARES,8,0.00004
SEATON,8,0.00004
RICHIE,8,0.00004
MONSON,8,0.00004
LUCKETT,8,0.00004
LINDBERG,8,0.00004
KOPP,8,0.00004
KEETON,8,0.00004
HSU,8,0.00004
HEALEY,8,0.00004
GARVEY,8,0.00004
GADDY,8,0.00004
FAIN,8,0.00004
BURCHFIELD,8,0.00004
BADGER,8,0.00004
WENTWORTH,8,0.00004
STRAND,8,0.00004
STACK,8,0.00004
SPOONER,8,0.00004
SAUCIER,8,0.00004
SALES,8,0.00004
RUBY,8,0.00004
RICCI,8,0.00004
PLUNKETT,8,0.00004
PANNELL,8,0.00004
NESS,8,0.00004
LEGER,8,0.00004
HOY,8,0.00004
FREITAS,8,0.00004
FONG,8,0.00004
ELIZONDO,8,0.00004
DUVAL,8,0.00004
CHUN,8,0.00004
CALVIN,8,0.00004
BEAUDOIN,8,0.00004
URBINA,8,0.00004
STOCK,8,0.00004
RICKARD,8,0.00004
PARTIN,8,0.00004
MOE,8,0.00004
MCGREW,8,0.00004
MCCLINTOCK,8,0.00004
LEDOUX,8,0.00004
FORSYTH,8,0.00004
FAISON,8,0.00004
DEVRIES,8,0.00004
BERTRAND,8,0.00004
WASSON,6,0.00003
TILTON,6,0.00003
SCARBROUGH,6,0.00003
PRIDE,6,0.00003
OH,6,0.00003
LEUNG,6,0.00003
LARRY,6,0.00003
IRVINE,6,0.00003
GARBER,6,0.00003
DENNING,6,0.00003
CORRAL,6,0.00003
COLLEY,6,0.00003
CASTLEBERRY,6,0.00003
BOWLIN,6,0.00003
BOGAN,6,0.00003
BEALE,6,0.00003
BAINES,6,0.00003
WAHR,6,0.00003
TRICE,6,0.00003
RAYBURN,6,0.00003
PARKINSON,6,0.00003
PAK,6,0.00003
NUNES,6,0.00003
MCMILLEN,6,0.00003
LEAHY,6,0.00003
LEA,6,0.00003
KIMMEL,6,0.00003
HIGGS,6,0.00003
FULMER,6,0.00003
CARDEN,6,0.00003
BEDFORD,6,0.00003
TAGGART,6,0.00003
SPEARMAN,6,0.00003
REGISTER,6,0.00003
PRICHARD,6,0.00003
MORRILL,6,0.00003
KOONCE,6,0.00003
HEINZ,6,0.00003
HEDGES,6,0.00003
GUENTHER,6,0.00003
GRICE,6,0.00003
FINDLEY,6,0.00003
EARLE,6,0.00003
DOVER,6,0.00003
CREIGHTON,6,0.00003
BOOTHE,6,0.00003
BAYER,6,0.00003
ARREOLA,6,0.00003
VITALE,6,0.00003
VALLES,6,0.00003
SEE,6,0.00003
RANEY,6,0.00003
PETER,6,0.00003
OSGOOD,6,0.00003
LOWELL,6,0.00003
HANLON,6,0.00003
BURLEY,6,0.00003
BOUNDS,6,0.00003
WORDEN,6,0.00003
WEATHERLY,6,0.00003
VETTER,6,0.00003
TANAKA,6,0.00003
STILTNER,6,0.00003
SELL,6,0.00003
NEVAREZ,6,0.00003
MOSBY,6,0.00003
MONTERO,6,0.00003
MELANCON,6,0.00003
HARTER,6,0.00003
HAMER,6,0.00003
GOBLE,6,0.00003
GLADDEN,6,0.00003
GIST,6,0.00003
GINN,6,0.00003
AKIN,6,0.00003
ZARAGOZA,6,0.00003
TOWNS,6,0.00003
TARVER,6,0.00003
SAMMONS,6,0.00003
ROYSTER,6,0.00003
OREILLY,6,0.00003
MUIR,6,0.00003
MOREHEAD,6,0.00003
LUSTER,6,0.00003
KINGSLEY,6,0.00003
KELSO,6,0.00003
GRISHAM,6,0.00003
GLYNN,6,0.00003
BAUMANN,6,0.00003
ALVES,6,0.00003
YOUNT,6,0.00003
TAMAYO,6,0.00003
TAM,6,0.00003
PATERSON,6,0.00003
OATES,6,0.00003
MENENDEZ,6,0.00003
LONGO,6,0.00003
HARGIS,6,0.00003
GREENLEE,6,0.00003
GILLEN,6,0.00003
DESANTIS,6,0.00003
CONOVER,6,0.00003
BREEDLOVE,6,0.00003
WAYNE,6,0.00003
SUMPTER,6,0.00003
SCHERER,6,0.00003
RUPP,6,0.00003
REICHERT,6,0.00003
HEREDIA,6,0.00003
FALLON,6,0.00003
CREEL,6,0.00003
COHN,6,0.00003
CLEMMONS,6,0.00003
CASAS,6,0.00003
BICKFORD,6,0.00003
BELTON,6,0.00003
BACH,6,0.00003
WILLIFORD,6,0.00003
WHITCOMB,6,0.00003
TENNANT,6,0.00003
SUTTER,6,0.00003
STULL,6,0.00003
SESSIONS,6,0.00003
MCCALLUM,6,0.00003
MANSON,6,0.00003
LANGLOIS,6,0.00003
KEEL,6,0.00003
KEEGAN,6,0.00003
EMANUEL,6,0.00003
DANGELO,6,0.00003
DANCY,6,0.00003
DAMRON,6,0.00003
CLAPP,6,0.00003
CLANTON,6,0.00003
BANKSTON,6,0.00003
TRINIDAD,6,0.00003
OLIVEIRA,6,0.00003
MINTZ,6,0.00003
MCINNIS,6,0.00003
MARTENS,6,0.00003
MABE,6,0.00003
LASTER,6,0.00003
JOLLEY,6,0.00003
IRISH,6,0.00003
HILDRETH,6,0.00003
HEFNER,6,0.00003
GLASER,6,0.00003
DUCKETT,6,0.00003
DEMERS,6,0.00003
BROCKMAN,6,0.00003
BLAIS,6,0.00003
BACK,6,0.00003
ALCORN,6,0.00003
AGNEW,6,0.00003
TOLIVER,6,0.00003
TICE,6,0.00003
SONG,6,0.00003
SEELEY,6,0.00003
NAJERA,6,0.00003
MUSSER,6,0.00003
MCFALL,6,0.00003
LAPLANTE,6,0.00003
GALVIN,6,0.00003
FAJARDO,6,0.00003
DOAN,6,0.00003
COYNE,6,0.00003
COPLEY,6,0.00003
CLAWSON,6,0.00003
CHEUNG,6,0.00003
BARONE,6,0.00003
WYNNE,6,0.00003
WOODLEY,6,0.00003
TREMBLAY,6,0.00003
STOLL,6,0.00003
SPARROW,6,0.00003
SPARKMAN,6,0.00003
SCHWEITZER,6,0.00003
SASSER,6,0.00003
SAMPLES,6,0.00003
RONEY,6,0.00003
RAMON,6,0.00003
LEGG,6,0.00003
LAI,6,0.00003
JOE,6,0.00003
HEIM,6,0.00003
FARIAS,6,0.00003
CONCEPCION,6,0.00003
COLWELL,6,0.00003
CHRISTMAN,6,0.00003
BRATCHER,6,0.00003
ALBA,6,0.00003
WINCHESTER,6,0.00003
UPSHAW,6,0.00003
SOUTHERLAND,6,0.00003
SORRELL,6,0.00003
SHAY,6,0.00003
SELLS,6,0.00003
MOUNT,6,0.00003
MCCLOSKEY,6,0.00003
MARTINDALE,6,0.00003
LUTTRELL,6,0.00003
LOVELESS,6,0.00003
LOVEJOY,6,0.00003
LINARES,6,0.00003
LATIMER,6,0.00003
HOLLY,6,0.00003
EMBRY,6,0.00003
COOMBS,6,0.00003
BRATTON,6,0.00003
BOSTICK,6,0.00003
BOSS,6,0.00003
VENABLE,6,0.00003
TUGGLE,6,0.00003
TORO,6,0.00003
STAGGS,6,0.00003
SANDLIN,6,0.00003
JEFFERIES,6,0.00003
HECKMAN,6,0.00003
GRIFFIS,6,0.00003
CRAYTON,6,0.00003
CLEM,6,0.00003
BUTTON,6,0.00003
BROWDER,6,0.00003
ALLAN,6,0.00003
THORTON,6,0.00003
STURGILL,6,0.00003
SPROUSE,6,0.00003
ROYER,6,0.00003
ROUSSEAU,6,0.00003
RIDENOUR,6,0.00003
POGUE,6,0.00003
PERALES,6,0.00003
PEEPLES,6,0.00003
METZLER,6,0.00003
MESA,6,0.00003
MCCUTCHEON,6,0.00003
MCBEE,6,0.00003
JAY,6,0.00003
HORNSBY,6,0.00003
HEFFNER,6,0.00003
CORRIGAN,6,0.00003
ARMIJO,6,0.00003
VUE,6,0.00003
ROMEO,6,0.00003
PLANTE,6,0.00003
PEYTON,6,0.00003
PAREDES,6,0.00003
MACKLIN,6,0.00003
HUSSEY,6,0.00003
HODGSON,6,0.00003
GRANADOS,6,0.00003
FRIAS,6,0.00003
CARMAN,6,0.00003
BRENT,6,0.00003
BECNEL,6,0.00003
BATTEN,6,0.00003
ALMANZA,6,0.00003
TURNEY,6,0.00003
TEAL,6,0.00003
STURGEON,6,0.00003
MEEKER,6,0.00003
MCDANIELS,6,0.00003
LIMON,6,0.00003
KEENEY,6,0.00003
KEE,6,0.00003
HUTTO,6,0.00003
HOLGUIN,6,0.00003
GORHAM,6,0.00003
FISHMAN,6,0.00003
FIERRO,6,0.00003
BLANCHETTE,6,0.00003
RODRIGUE,6,0.00003
REDDY,6,0.00003
OSBURN,6,0.00003
ODEN,6,0.00003
LERMA,6,0.00003
KIRKWOOD,6,0.00003
KEEFER,6,0.00003
HAUGEN,6,0.00003
HAMMETT,6,0.00003
CHALMERS,6,0.00003
CARLOS,6,0.00003
BRINKMAN,6,0.00003
BAUMGARTNER,6,0.00003
ZHANG,6,0.00003
VALERIO,6,0.00003
TELLEZ,6,0.00003
STEFFEN,6,0.00003
SHUMATE,6,0.00003
SAULS,6,0.00003
RIPLEY,6,0.00003
KEMPER,6,0.00003
JACKS,6,0.00003
GUFFEY,6,0.00003
EVERS,6,0.00003
CRADDOCK,6,0.00003
CARVALHO,6,0.00003
BLAYLOCK,6,0.00003
BANUELOS,6,0.00003
BALDERAS,6,0.00003
WOODEN,6,0.00003
WHEATON,6,0.00003
TURNBULL,6,0.00003
SHUMAN,6,0.00003
POINTER,6,0.00003
MOSIER,6,0.00003
MCCUE,6,0.00003
LIGON,6,0.00003
KOZLOWSKI,6,0.00003
JOHANSEN,6,0.00003
INGLE,6,0.00003
HERR,6,0.00003
BRIONES,6,0.00003
SOUTHERN,6,0.00003
SNIPES,6,0.00003
RICKMAN,6,0.00003
PIPKIN,6,0.00003
PEACE,6,0.00003
PANTOJA,6,0.00003
OROSCO,6,0.00003
MONIZ,6,0.00003
LAWLESS,6,0.00003
KUNKEL,6,0.00003
HIBBARD,6,0.00003
GALARZA,6,0.00003
ENOS,6,0.00003
BUSSEY,6,0.00003
SETTLE,6,0.00003
SCHOTT,6,0.00003
SALCIDO,6,0.00003
PERREAULT,6,0.00003
MCDOUGAL,6,0.00003
MCCOOL,6,0.00003
HAIGHT,6,0.00003
GARRIS,6,0.00003
FERRY,6,0.00003
EASTON,6,0.00003
CONYERS,6,0.00003
ATHERTON,6,0.00003
WIMBERLY,6,0.00003
UTLEY,6,0.00003
STEPHEN,6,0.00003
SPELLMAN,6,0.00003
SMITHSON,6,0.00003
SLAGLE,6,0.00003
SKIPPER,6,0.00003
RITCHEY,6,0.00003
RAND,6,0.00003
PETIT,6,0.00003
OSULLIVAN,6,0.00003
OAKS,6,0.00003
NUTT,6,0.00003
MCVAY,6,0.00003
MCCREARY,6,0.00003
MAYHEW,6,0.00003
KNOLL,6,0.00003
JEWETT,6,0.00003
HARWOOD,6,0.00003
HAILEY,6,0.00003
CARDOZA,6,0.00003
ASHE,6,0.00003
ARRIAGA,6,0.00003
ANDRES,6,0.00003
ZELLER,6,0.00003
WIRTH,6,0.00003
WHITMIRE,6,0.00003
STAUFFER,6,0.00003
SPRING,6,0.00003
ROUNTREE,6,0.00003
REDDEN,6,0.00003
MCCAFFREY,6,0.00003
MARTZ,6,0.00003
LOVING,6,0.00003
LAROSE,6,0.00003
LANGDON,6,0.00003
HUMES,6,0.00003
GASKIN,6,0.00003
FABER,6,0.00003
DOLL,6,0.00003
DEVITO,6,0.00003
CASS,6,0.00003
ALMOND,6,0.00003
WINGFIELD,6,0.00003
WINGATE,6,0.00003
VILLAREAL,6,0.00003
TYNER,6,0.00003
SMOTHERS,6,0.00003
SEVERSON,6,0.00003
RENO,6,0.00003
PENNELL,6,0.00003
MAUPIN,6,0.00003
LEIGHTON,6,0.00003
JANSSEN,6,0.00003
HASSELL,6,0.00003
HALLMAN,6,0.00003
HALCOMB,6,0.00003
FOLSE,6,0.00003
FITZSIMMONS,6,0.00003
FAHEY,6,0.00003
CRANFORD,6,0.00003
BOLEN,6,0.00003
BATTLES,6,0.00003
BATTAGLIA,6,0.00003
WOOLDRIDGE,6,0.00003
WEED,6,0.00003
TRASK,6,0.00003
ROSSER,6,0.00003
REGALADO,6,0.00003
MCEWEN,6,0.00003
KEEFE,6,0.00003
FUQUA,6,0.00003
ECHEVARRIA,6,0.00003
DOMINGO,6,0.00003
DANG,6,0.00003
CARO,6,0.00003
BOYNTON,6,0.00003
ANDRUS,6,0.00003
WILD,6,0.00003
VIERA,6,0.00003
VANMETER,6,0.00003
TABER,6,0.00003
SPRADLIN,6,0.00003
SEIBERT,6,0.00003
PROVOST,6,0.00003
PRENTICE,6,0.00003
OLIPHANT,6,0.00003
LAPORTE,6,0.00003
HWANG,6,0.00003
HATCHETT,6,0.00003
HASS,6,0.00003
GREINER,6,0.00003
FREEDMAN,6,0.00003
COVERT,6,0.00003
CHILTON,6,0.00003
BYARS,6,0.00003
WIESE,6,0.00003
VENEGAS,6,0.00003
SWANK,6,0.00003
SHRADER,6,0.00003
RODERICK,6,0.00003
ROBERGE,6,0.00003
MULLIS,6,0.00003
MORTENSEN,6,0.00003
MCCUNE,6,0.00003
MARLOWE,6,0.00003
KIRCHNER,6,0.00003
KECK,6,0.00003
ISAACSON,6,0.00003
HOSTETLER,6,0.00003
HALVERSON,6,0.00003
GUNTHER,6,0.00003
GRISWOLD,6,0.00003
GERARD,6,0.00003
FENNER,6,0.00003
DURDEN,6,0.00003
BLACKWOOD,6,0.00003
BERTRAM,6,0.00003
AHRENS,6,0.00003
SAWYERS,6,0.00003
SAVOY,6,0.00003
NABORS,6,0.00003
MCSWAIN,6,0.00003
MACKAY,6,0.00003
LOY,6,0.00003
LAVENDER,6,0.00003
LASH,6,0.00003
LABBE,6,0.00003
JESSUP,6,0.00003
HUBERT,6,0.00003
FULLERTON,6,0.00003
DONNELL,6,0.00003
CRUSE,6,0.00003
CRITTENDEN,6,0.00003
CORREIA,6,0.00003
CENTENO,6,0.00003
CAUDLE,6,0.00003
CANADY,6,0.00003
CALLENDER,6,0.00003
ALARCON,6,0.00003
AHERN,6,0.00003
WINFREY,6,0.00003
TRIBBLE,6,0.00003
TOM,6,0.00003
STYLES,6,0.00003
SALLEY,6,0.00003
RODEN,6,0.00003
MUSGROVE,6,0.00003
MINNICK,6,0.00003
FORTENBERRY,6,0.00003
CARRION,6,0.00003
BUNTING,6,0.00003
BETHEL,6,0.00003
BATISTE,6,0.00003
WOO,6,0.00003
WHITED,6,0.00003
UNDERHILL,6,0.00003
STILLWELL,6,0.00003
SILVIA,6,0.00003
RAUCH,6,0.00003
PIPPIN,6,0.00003
PERRIN,6,0.00003
MESSENGER,6,0.00003
MANCINI,6,0.00003
LISTER,6,0.00003
KINARD,6,0.00003
HARTMANN,6,0.00003
FLECK,6,0.00003
BROADWAY,6,0.00003
WILT,6,0.00003
TREADWAY,6,0.00003
THORNHILL,6,0.00003
SPEED,6,0.00003
SPALDING,6,0.00003
SAM,6,0.00003
RAFFERTY,6,0.00003
PITRE,6,0.00003
PATINO,6,0.00003
ORDONEZ,6,0.00003
LINKOUS,6,0.00003
KELLEHER,6,0.00003
HOMAN,6,0.00003
HOLIDAY,6,0.00003
GALBRAITH,6,0.00003
FEENEY,6,0.00003
DORRIS,6,0.00003
CURTIN,6,0.00003
COWARD,6,0.00003
CAMARILLO,6,0.00003
BUSS,6,0.00003
BUNNELL,6,0.00003
BOLT,6,0.00003
BEELER,6,0.00003
AUTRY,6,0.00003
ALCALA,6,0.00003
WITTE,6,0.00003
WENTZ,6,0.00003
STIDHAM,6,0.00003
SHIVELY,6,0.00003
NUNLEY,6,0.00003
MEACHAM,6,0.00003
MARTINS,6,0.00003
LEMKE,6,0.00003
LEFEBVRE,6,0.00003
KAYE,6,0.00003
HYNES,6,0.00003
HOROWITZ,6,0.00003
HOPPE,6,0.00003
HOLCOMBE,6,0.00003
ESTRELLA,6,0.00003
DUNNE,6,0.00003
DERR,6,0.00003
COCHRANE,6,0.00003
BRITTAIN,6,0.00003
BEDARD,6,0.00003
BEAUREGARD,6,0.00003
TORRENCE,6,0.00003
STRUNK,6,0.00003
SORIA,6,0.00003
SIMONSON,6,0.00003
SHUMAKER,6,0.00003
SCOGGINS,6,0.00003
PACKER,6,0.00003
OCONNER,6,0.00003
MORIARTY,6,0.00003
LEROY,6,0.00003
KUNTZ,6,0.00003
IVES,6,0.00003
HUTCHESON,6,0.00003
HORAN,6,0.00003
HALES,6,0.00003
GARMON,6,0.00003
FITTS,6,0.00003
DELL,6,0.00003
BOHN,6,0.00003
ATCHISON,6,0.00003
WORTH,6,0.00003
WISNIEWSKI,6,0.00003
WILL,6,0.00003
VANWINKLE,6,0.00003
STURM,6,0.00003
SALLEE,6,0.00003
PROSSER,6,0.00003
MOEN,6,0.00003
LUNDBERG,6,0.00003
KUNZ,6,0.00003
KOHL,6,0.00003
KEANE,6,0.00003
JORGENSON,6,0.00003
JAYNES,6,0.00003
FUNDERBURK,6,0.00003
FREED,6,0.00003
FRAME,6,0.00003
DURR,6,0.00003
CREAMER,6,0.00003
COSGROVE,6,0.00003
CANDELARIA,6,0.00003
BERLIN,6,0.00003
BATSON,6,0.00003
VANHOOSE,6,0.00003
THOMSEN,6,0.00003
TEETER,6,0.00003
SOMMER,6,0.00003
SMYTH,6,0.00003
SENA,6,0.00003
REDMON,6,0.00003
ORELLANA,6,0.00003
MANESS,6,0.00003
LENNON,6,0.00003
HEFLIN,6,0.00003
GOULET,6,0.00003
FRICK,6,0.00003
FORNEY,6,0.00003
DOLLAR,6,0.00003
BUNKER,6,0.00003
ASBURY,6,0.00003
AGUIAR,6,0.00003
TALBOTT,6,0.00003
SOUTHARD,6,0.00003
PLEASANT,6,0.00003
MOWERY,6,0.00003
MEARS,6,0.00003
LEMMON,6,0.00003
KRIEGER,6,0.00003
HICKSON,6,0.00003
GRACIA,6,0.00003
ELSTON,6,0.00003
DUONG,6,0.00003
DELGADILLO,6,0.00003
DAYTON,6,0.00003
DASILVA,6,0.00003
CONAWAY,6,0.00003
CATRON,6,0.00003
BRUTON,6,0.00003
BRADBURY,6,0.00003
BORDELON,6,0.00003
BIVINS,6,0.00003
BITTNER,6,0.00003
BERGSTROM,6,0.00003
BEALS,6,0.00003
ABELL,6,0.00003
WHELAN,6,0.00003
TRAVERS,6,0.00003
TEJADA,6,0.00003
PULLEY,6,0.00003
PINO,6,0.00003
NORFLEET,6,0.00003
NEALY,6,0.00003
MAES,6,0.00003
LOPER,6,0.00003
HELD,6,0.00003
GERALD,6,0.00003
GATEWOOD,6,0.00003
FRIERSON,6,0.00003
FREUND,6,0.00003
FINNEGAN,6,0.00003
CUPP,6,0.00003
COVEY,6,0.00003
CATALANO,6,0.00003
BOEHM,6,0.00003
BADER,6,0.00003
YOON,6,0.00003
WALSTON,6,0.00003
TENNEY,6,0.00003
SIPES,6,0.00003
ROLLER,6,0.00003
RAWLINS,6,0.00003
MEDLOCK,6,0.00003
MCCASKILL,6,0.00003
MCCALLISTER,6,0.00003
MARCOTTE,6,0.00003
MACLEAN,6,0.00003
HUGHEY,6,0.00003
HENKE,6,0.00003
HARWELL,6,0.00003
GLADNEY,6,0.00003
GILSON,6,0.00003
DEW,6,0.00003
CHISM,6,0.00003
CASKEY,6,0.00003
BRANDENBURG,6,0.00003
BAYLOR,6,0.00003
VILLASENOR,6,0.00003
VEAL,6,0.00003
VAN,6,0.00003
THATCHER,6,0.00003
STEGALL,6,0.00003
SHORE,6,0.00003
PETRIE,6,0.00003
NOWLIN,6,0.00003
NAVARRETE,6,0.00003
MUHAMMAD,6,0.00003
LOMBARD,6,0.00003
LOFTIN,6,0.00003
LEMASTER,6,0.00003
KROLL,6,0.00003
KOVACH,6,0.00003
KIMBRELL,6,0.00003
KIDWELL,6,0.00003
HERSHBERGER,6,0.00003
FULCHER,6,0.00003
ENG,6,0.00003
CANTWELL,6,0.00003
BUSTOS,6,0.00003
BOLAND,6,0.00003
BOBBITT,6,0.00003
BINKLEY,6,0.00003
WESTER,6,0.00003
WEIS,6,0.00003
VERDIN,6,0.00003
TONG,6,0.00003
TILLER,6,0.00003
SISCO,6,0.00003
SHARKEY,6,0.00003
SEYMORE,6,0.00003
ROSENBAUM,6,0.00003
ROHR,6,0.00003
QUINONEZ,6,0.00003
PINKSTON,6,0.00003
NATION,6,0.00003
MALLEY,6,0.00003
LOGUE,6,0.00003
LESSARD,6,0.00003
LERNER,6,0.00003
LEBRON,6,0.00003
KRAUSS,6,0.00003
KLINGER,6,0.00003
HALSTEAD,6,0.00003
HALLER,6,0.00003
GETZ,6,0.00003
BURROW,6,0.00003
BRANT,6,0.00003
ALGER,6,0.00003
VICTOR,6,0.00003
SHORES,6,0.00003
SCULLY,6,0.00003
POUNDS,6,0.00003
PFEIFER,6,0.00003
PERRON,6,0.00003
NELMS,6,0.00003
MUNN,6,0.00003
MCMASTER,6,0.00003
MCKENNEY,6,0.00003
MANNS,6,0.00003
KNUDSON,6,0.00003
HUTCHENS,6,0.00003
HUSKEY,6,0.00003
GOEBEL,6,0.00003
FLAGG,6,0.00003
CUSHMAN,6,0.00003
CLICK,6,0.00003
CASTELLANO,6,0.00003
CARDER,6,0.00003
BUMGARNER,6,0.00003
BLAINE,6,0.00003
BIBLE,6,0.00003
WAMPLER,6,0.00003
SPINKS,6,0.00003
ROBSON,6,0.00003
NEEL,6,0.00003
MCREYNOLDS,6,0.00003
MATHIAS,6,0.00003
MAAS,6,0.00003
LOERA,6,0.00003
KASPER,6,0.00003
JOSE,6,0.00003
JENSON,6,0.00003
FLOREZ,6,0.00003
COONS,6,0.00003
BUCKINGHAM,6,0.00003
BROGAN,6,0.00003
BERRYMAN,6,0.00003
WILMOTH,6,0.00003
WILHITE,6,0.00003
THRASH,6,0.00003
SHEPHARD,6,0.00003
SEIDEL,6,0.00003
SCHULZE,6,0.00003
ROLDAN,6,0.00003
PETTIS,6,0.00003
OBRYAN,6,0.00003
MAKI,6,0.00003
MACKIE,6,0.00003
HATLEY,6,0.00003
FRAZER,6,0.00003
FIORE,6,0.00003
FALLS,6,0.00003
CHESSER,6,0.00003
BUI,6,0.00003
BOTTOMS,6,0.00003
BISSON,6,0.00003
BENEFIELD,6,0.00003
ALLMAN,6,0.00003
WILKE,6,0.00003
TRUDEAU,6,0.00003
TIMM,6,0.00003
SHIFFLETT,6,0.00003
RAU,6,0.00003
MUNDY,6,0.00003
MILLIKEN,6,0.00003
MAYERS,6,0.00003
LEAKE,6,0.00003
KOHN,6,0.00003
HUNTINGTON,6,0.00003
HORSLEY,6,0.00003
HERMANN,6,0.00003
GUERIN,6,0.00003
FRYER,6,0.00003
FRIZZELL,6,0.00003
FORET,6,0.00003
FLEMMING,6,0.00003
FIFE,6,0.00003
CRISWELL,6,0.00003
CARBAJAL,6,0.00003
BOZEMAN,6,0.00003
BOISVERT,6,0.00003
ARCHIE,6,0.00003
ANTONIO,6,0.00003
ANGULO,6,0.00003
WALLEN,6,0.00003
TAPP,6,0.00003
SILVERS,6,0.00003
RAMSAY,6,0.00003
OSHEA,6,0.00003
ORTA,6,0.00003
MOLL,6,0.00003
MCKEEVER,6,0.00003
MCGEHEE,6,0.00003
LUCIANO,6,0.00003
LINVILLE,6,0.00003
KIEFER,6,0.00003
KETCHUM,6,0.00003
HOWERTON,6,0.00003
GROCE,6,0.00003
GAYLORD,6,0.00003
GASS,6,0.00003
FUSCO,6,0.00003
CORBITT,6,0.00003
BLYTHE,6,0.00003
BETZ,6,0.00003
BARTELS,6,0.00003
AMARAL,6,0.00003
AIELLO,6,0.00003
YOO,6,0.00003
WEDDLE,6,0.00003
TROY,6,0.00003
SUN,6,0.00003
SPERRY,6,0.00003
SEILER,6,0.00003
RUNYAN,6,0.00003
RALEY,6,0.00003
OVERBY,6,0.00003
OSTEEN,6,0.00003
OLDS,6,0.00003
MCKEOWN,6,0.00003
MAURO,6,0.00003
MATNEY,6,0.00003
LAUER,6,0.00003
LATTIMORE,6,0.00003
HINDMAN,6,0.00003
HARTWELL,6,0.00003
FREDRICKSON,6,0.00003
FREDERICKS,6,0.00003
ESPINO,6,0.00003
CLEGG,6,0.00003
CARSWELL,6,0.00003
CAMBELL,6,0.00003
BURKHOLDER,6,0.00003
AUGUST,6,0.00003
WOODBURY,6,0.00003
WELKER,6,0.00003
TOTTEN,6,0.00003
THORNBURG,6,0.00003
THERIAULT,6,0.00003
STITT,6,0.00003
STAMM,6,0.00003
STACKHOUSE,6,0.00003
SIMONE,6,0.00003
SCHOLL,6,0.00003
SAXON,6,0.00003
RIFE,6,0.00003
RAZO,6,0.00003
QUINLAN,6,0.00003
PINKERTON,6,0.00003
OLIVO,6,0.00003
NESMITH,6,0.00003
NALL,6,0.00003
MATTOS,6,0.00003
LEAK,6,0.00003
LAFFERTY,6,0.00003
JUSTUS,6,0.00003
GIRON,6,0.00003
GEER,6,0.00003
FIELDER,6,0.00003
EAGLE,6,0.00003
DRAYTON,6,0.00003
DORTCH,6,0.00003
CONNERS,6,0.00003
CONGER,6,0.00003
CHAU,6,0.00003
BOATWRIGHT,6,0.00003
BILLIOT,6,0.00003
BARDEN,6,0.00003
ARMENTA,6,0.00003
ANTOINE,6,0.00003
TIBBETTS,6,0.00003
STEADMAN,6,0.00003
SLATTERY,6,0.00003
SIDES,6,0.00003
RINALDI,6,0.00003
RAYNOR,6,0.00003
RAYFORD,6,0.00003
PINCKNEY,6,0.00003
PETTIGREW,6,0.00003
NICKEL,6,0.00003
MILNE,6,0.00003
MATTESON,6,0.00003
HALSEY,6,0.00003
GONSALVES,6,0.00003
FELLOWS,6,0.00003
DURAND,6,0.00003
DESIMONE,6,0.00003
COWLEY,6,0.00003
COWLES,6,0.00003
BRILL,6,0.00003
BARHAM,6,0.00003
BARELA,6,0.00003
BARBA,6,0.00003
ASHMORE,6,0.00003
WITHROW,6,0.00003
VALENTI,6,0.00003
TEJEDA,6,0.00003
SPRIGGS,6,0.00003
SAYRE,6,0.00003
SALERNO,6,0.00003
PLACE,6,0.00003
PELTIER,6,0.00003
PEEL,6,0.00003
MERRIMAN,6,0.00003
MATHESON,6,0.00003
LOWMAN,6,0.00003
LINDSTROM,6,0.00003
HYLAND,6,0.00003
HOMER,6,0.00003
HA,6,0.00003
GIROUX,6,0.00003
FRIES,6,0.00003
FRASIER,6,0.00003
EARLS,6,0.00003
DUGAS,6,0.00003
DAMON,6,0.00003
DABNEY,6,0.00003
COLLADO,6,0.00003
BRISENO,6,0.00003
BAXLEY,6,0.00003
ANDRE,6,0.00003
WORD,6,0.00003
WHYTE,6,0.00003
WENGER,6,0.00003
VANOVER,6,0.00003
VANBUREN,6,0.00003
THIEL,6,0.00003
SCHINDLER,6,0.00003
SCHILLER,6,0.00003
RIGBY,6,0.00003
POMEROY,6,0.00003
PASSMORE,6,0.00003
MARBLE,6,0.00003
MANZO,6,0.00003
MAHAFFEY,6,0.00003
LINDGREN,6,0.00003
LAFLAMME,6,0.00003
GREATHOUSE,6,0.00003
FITE,6,0.00003
FERRARI,6,0.00003
CALABRESE,6,0.00003
BAYNE,6,0.00003
YAMAMOTO,6,0.00003
WICK,6,0.00003
TOWNES,6,0.00003
THAMES,6,0.00003
STEEL,6,0.00003
REINHART,6,0.00003
PEELER,6,0.00003
NARANJO,6,0.00003
MONTEZ,6,0.00003
MCDADE,6,0.00003
MAST,6,0.00003
MARKLEY,6,0.00003
MARCHAND,6,0.00003
LEEPER,6,0.00003
KONG,6,0.00003
KELLUM,6,0.00003
HUDGENS,6,0.00003
HENNESSEY,6,0.00003
HADDEN,6,0.00003
GUESS,6,0.00003
GAINEY,6,0.00003
COPPOLA,6,0.00003
BORREGO,6,0.00003
BOLLING,6,0.00003
BEANE,6,0.00003
AULT,6,0.00003
SLATON,6,0.00003
POLAND,6,0.00003
PAPE,6,0.00003
NULL,6,0.00003
MULKEY,6,0.00003
LIGHTNER,6,0.00003
LANGER,6,0.00003
HILLARD,6,0.00003
GLASGOW,6,0.00003
FABIAN,6,0.00003
ETHRIDGE,6,0.00003
ENRIGHT,6,0.00003
DEROSA,6,0.00003
BASKIN,6,0.00003
ALFRED,6,0.00003
WEINBERG,6,0.00003
TURMAN,6,0.00003
TINKER,6,0.00003
SOMERVILLE,6,0.00003
PARDO,6,0.00003
NOLL,6,0.00003
LASHLEY,6,0.00003
INGRAHAM,6,0.00003
HILLER,6,0.00003
HENDON,6,0.00003
GLAZE,6,0.00003
FLORA,6,0.00003
COTHRAN,6,0.00003
COOKSEY,6,0.00003
CONTE,6,0.00003
CARRICO,6,0.00003
APPLE,6,0.00003
ABNER,6,0.00003
WOOLEY,6,0.00003
SWOPE,6,0.00003
SUMMERLIN,6,0.00003
STURGIS,6,0.00003
STURDIVANT,6,0.00003
STOTT,6,0.00003
SPURGEON,6,0.00003
SPILLMAN,6,0.00003
SPEIGHT,6,0.00003
ROUSSEL,6,0.00003
POPP,6,0.00003
NUTTER,6,0.00003
MCKEON,6,0.00003
MAZZA,6,0.00003
MAGNUSON,6,0.00003
LANNING,6,0.00003
KOZAK,6,0.00003
JANKOWSKI,6,0.00003
HEYWARD,6,0.00003
FORSTER,6,0.00003
CORWIN,6,0.00003
CALLAGHAN,6,0.00003
BAYS,6,0.00003
WORTHAM,6,0.00003
USHER,6,0.00003
THERIOT,6,0.00003
SAYERS,6,0.00003
SABO,6,0.00003
RUPERT,6,0.00003
POLING,6,0.00003
NATHAN,6,0.00003
LOYA,6,0.00003
LIEBERMAN,6,0.00003
LEVI,6,0.00003
LAROCHE,6,0.00003
LABELLE,6,0.00003
HOWES,6,0.00003
HARR,6,0.00003
GARAY,6,0.00003
FOGARTY,6,0.00003
EVERSON,6,0.00003
DURKIN,6,0.00003
DOMINQUEZ,6,0.00003
CHAVES,6,0.00003
CHAMBLISS,6,0.00003
ALFONSO,6,0.00003
WITCHER,6,0.00003
WILBER,6,0.00003
VIEIRA,6,0.00003
VANDIVER,6,0.00003
TERRILL,6,0.00003
STOKER,6,0.00003
SCHREINER,6,0.00003
NESTOR,6,0.00003
MOORMAN,6,0.00003
LIDDELL,6,0.00003
LEW,6,0.00003
LAWHORN,6,0.00003
KRUG,6,0.00003
IRONS,6,0.00003
HYLTON,6,0.00003
HOLLENBECK,6,0.00003
HERRIN,6,0.00003
HEMBREE,6,0.00003
HAIR,6,0.00003
GOOLSBY,6,0.00003
GOODIN,6,0.00003
GILMER,6,0.00003
FOLTZ,6,0.00003
DINKINS,6,0.00003
DAUGHTRY,6,0.00003
CABAN,6,0.00003
BRIM,6,0.00003
BRILEY,6,0.00003
BILODEAU,6,0.00003
BEAR,6,0.00003
WYANT,6,0.00003
VERGARA,6,0.00003
TALLENT,6,0.00003
SWEARINGEN,6,0.00003
STROUP,6,0.00003
SHERRY,6,0.00003
SCRIBNER,6,0.00003
ROGER,6,0.00003
QUILLEN,6,0.00003
PITMAN,6,0.00003
MONACO,6,0.00003
MCCANTS,6,0.00003
MAXFIELD,6,0.00003
MARTINSON,6,0.00003
LANDON,6,0.00003
HOLTZ,6,0.00003
FLOURNOY,6,0.00003
BROOKINS,6,0.00003
BRODY,6,0.00003
BAUMGARDNER,6,0.00003
ANGELO,6,0.00003
STRAUB,6,0.00003
SILLS,6,0.00003
ROYBAL,6,0.00003
ROUNDTREE,6,0.00003
OSWALT,6,0.00003
MONEY,6,0.00003
MCGRIFF,6,0.00003
MCDOUGALL,6,0.00003
MCCLEARY,6,0.00003
MAGGARD,6,0.00003
GRAGG,6,0.00003
GOODING,6,0.00003
GODINEZ,6,0.00003
DOOLITTLE,6,0.00003
DONATO,6,0.00003
COWELL,6,0.00003
CASSELL,6,0.00003
BRACKEN,6,0.00003
APPEL,6,0.00003
AHMAD,6,0.00003
ZAMBRANO,6,0.00003
REUTER,6,0.00003
PEREA,6,0.00003
OLIVE,6,0.00003
NAKAMURA,6,0.00003
MONAGHAN,6,0.00003
MICKENS,6,0.00003
MCCLINTON,6,0.00003
MCCLARY,6,0.00003
MARLER,6,0.00003
KISH,6,0.00003
JUDKINS,6,0.00003
GILBREATH,6,0.00003
FREESE,6,0.00003
FLANIGAN,6,0.00003
FELTS,6,0.00003
ERDMANN,6,0.00003
DODDS,6,0.00003
CHEW,6,0.00003
BROWNELL,6,0.00003
BRAZIL,6,0.00003
BOATRIGHT,6,0.00003
BARRETO,6,0.00003
SLAYTON,6,0.00003
SANDBERG,6,0.00003
SALDIVAR,6,0.00003
PETTWAY,6,0.00003
ODUM,6,0.00003
NARVAEZ,6,0.00003
MOULTRIE,6,0.00003
MONTEMAYOR,6,0.00003
MERRELL,6,0.00003
LEES,6,0.00003
KEYSER,6,0.00003
HOKE,6,0.00003
HARDAWAY,6,0.00003
HANNAN,6,0.00003
GILBERTSON,6,0.00003
FOGG,6,0.00003
DUMONT,6,0.00003
DEBERRY,6,0.00003
COGGINS,6,0.00003
CARRERA,6,0.00003
BUXTON,6,0.00003
BUCHER,6,0.00003
BROADNAX,6,0.00003
BEESON,6,0.00003
ARAUJO,6,0.00003
APPLETON,6,0.00003
AMUNDSON,6,0.00003
AGUAYO,6,0.00003
ACKLEY,6,0.00003
YOCUM,6,0.00003
WORSHAM,6,0.00003
SHIVERS,6,0.00003
SHELLY,6,0.00003
SANCHES,6,0.00003
SACCO,6,0.00003
ROBEY,6,0.00003
RHODEN,6,0.00003
PENDER,6,0.00003
OCHS,6,0.00003
MCCURRY,6,0.00003
MADERA,6,0.00003
LUONG,6,0.00003
LUIS,6,0.00003
KNOTTS,6,0.00003
JACKMAN,6,0.00003
HEINRICH,6,0.00003
HARGRAVE,6,0.00003
GAULT,6,0.00003
FOREST,6,0.00003
COMEAUX,6,0.00003
CHITWOOD,6,0.00003
CHILD,6,0.00003
CARAWAY,6,0.00003
BOETTCHER,6,0.00003
BERNHARDT,6,0.00003
BARRIENTOS,6,0.00003
ZINK,6,0.00003
WICKHAM,6,0.00003
WHITEMAN,6,0.00003
THORP,6,0.00003
STILLMAN,6,0.00003
SETTLES,6,0.00003
SCHOONOVER,6,0.00003
ROQUE,6,0.00003
RIDDELL,6,0.00003
REY,6,0.00003
PILCHER,6,0.00003
PHIFER,6,0.00003
NOVOTNY,6,0.00003
MAPLE,6,0.00003
MACLEOD,6,0.00003
HARDEE,6,0.00003
HAASE,6,0.00003
GRIDER,6,0.00003
FREDRICK,6,0.00003
EARNEST,6,0.00003
DOUCETTE,6,0.00003
CLAUSEN,6,0.00003
CHRISTMAS,6,0.00003
BEVINS,6,0.00003
BEAMON,6,0.00003
BADILLO,6,0.00003
TOLLEY,4,0.00002
TINDALL,4,0.00002
SOULE,4,0.00002
SNOOK,4,0.00002
SEBASTIAN,4,0.00002
SEALE,4,0.00002
PITCHER,4,0.00002
PINKNEY,4,0.00002
PELLEGRINO,4,0.00002
NOWELL,4,0.00002
NEMETH,4,0.00002
NAIL,4,0.00002
MONDRAGON,4,0.00002
MCLANE,4,0.00002
LUNDGREN,4,0.00002
INGALLS,4,0.00002
HUDSPETH,4,0.00002
HIXSON,4,0.00002
GEARHART,4,0.00002
FURLONG,4,0.00002
DOWNES,4,0.00002
DIONNE,4,0.00002
DIBBLE,4,0.00002
DEYOUNG,4,0.00002
CORNEJO,4,0.00002
CAMARA,4,0.00002
BROOKSHIRE,4,0.00002
BOYETTE,4,0.00002
WOLCOTT,4,0.00002
TRACEY,4,0.00002
SURRATT,4,0.00002
SELLARS,4,0.00002
SEGAL,4,0.00002
SALYER,4,0.00002
REEVE,4,0.00002
RAUSCH,4,0.00002
PHILIPS,4,0.00002
LABONTE,4,0.00002
HARO,4,0.00002
GOWER,4,0.00002
FREELAND,4,0.00002
FAWCETT,4,0.00002
EADS,4,0.00002
DRIGGERS,4,0.00002
DONLEY,4,0.00002
COLLETT,4,0.00002
CAGE,4,0.00002
BROMLEY,4,0.00002
BOATMAN,4,0.00002
BALLINGER,4,0.00002
BALDRIDGE,4,0.00002
VOLZ,4,0.00002
TROMBLEY,4,0.00002
STONGE,4,0.00002
SILAS,4,0.00002
SHANAHAN,4,0.00002
RIVARD,4,0.00002
RHYNE,4,0.00002
PEDROZA,4,0.00002
MATIAS,4,0.00002
MALLARD,4,0.00002
JAMIESON,4,0.00002
HEDGEPETH,4,0.00002
HARTNETT,4,0.00002
ESTEVEZ,4,0.00002
ESKRIDGE,4,0.00002
DENMAN,4,0.00002
CHIU,4,0.00002
CHINN,4,0.00002
CATLETT,4,0.00002
CARMACK,4,0.00002
BUIE,4,0.00002
BOOK,4,0.00002
BECHTEL,4,0.00002
BEARDSLEY,4,0.00002
BARD,4,0.00002
BALLOU,4,0.00002
WINDSOR,4,0.00002
ULMER,4,0.00002
STORM,4,0.00002
SKEEN,4,0.00002
ROBLEDO,4,0.00002
RINCON,4,0.00002
REITZ,4,0.00002
PIAZZA,4,0.00002
PEARL,4,0.00002
MUNGER,4,0.00002
MOTEN,4,0.00002
MCMICHAEL,4,0.00002
LOFTUS,4,0.00002
LEDET,4,0.00002
KERSEY,4,0.00002
GROFF,4,0.00002
FOWLKES,4,0.00002
FOLK,4,0.00002
CRUMPTON,4,0.00002
COLLETTE,4,0.00002
CLOUSE,4,0.00002
BETTIS,4,0.00002
VILLAGOMEZ,4,0.00002
TIMMERMAN,4,0.00002
STROM,4,0.00002
SAUL,4,0.00002
SANTORO,4,0.00002
RODDY,4,0.00002
PHILLIP,4,0.00002
PENROD,4,0.00002
MUSSELMAN,4,0.00002
MACPHERSON,4,0.00002
LEBOEUF,4,0.00002
HARLESS,4,0.00002
HADDAD,4,0.00002
GUIDO,4,0.00002
GOLDING,4,0.00002
FULKERSON,4,0.00002
FANNIN,4,0.00002
DULANEY,4,0.00002
DOWDELL,4,0.00002
DEANE,4,0.00002
COTTLE,4,0.00002
CEJA,4,0.00002
CATE,4,0.00002
BOSLEY,4,0.00002
BENGE,4,0.00002
ALBRITTON,4,0.00002
VOIGT,4,0.00002
TROWBRIDGE,4,0.00002
SOILEAU,4,0.00002
SEELY,4,0.00002
ROME,4,0.00002
ROHDE,4,0.00002
PEARSALL,4,0.00002
PAULK,4,0.00002
ORTH,4,0.00002
NASON,4,0.00002
MOTA,4,0.00002
MCMULLIN,4,0.00002
MARQUARDT,4,0.00002
MADIGAN,4,0.00002
HOAG,4,0.00002
GILLUM,4,0.00002
GAYLE,4,0.00002
GABBARD,4,0.00002
FENWICK,4,0.00002
FENDER,4,0.00002
ECK,4,0.00002
DANFORTH,4,0.00002
CUSHING,4,0.00002
CRESS,4,0.00002
CREED,4,0.00002
CAZARES,4,0.00002
CASANOVA,4,0.00002
BEY,4,0.00002
BETTENCOURT,4,0.00002
BARRINGER,4,0.00002
BABER,4,0.00002
STANSBERRY,4,0.00002
SCHRAMM,4,0.00002
RUTTER,4,0.00002
RIVERO,4,0.00002
RACE,4,0.00002
OQUENDO,4,0.00002
NECAISE,4,0.00002
MOUTON,4,0.00002
MONTENEGRO,4,0.00002
MILEY,4,0.00002
MCGOUGH,4,0.00002
MARRA,4,0.00002
MACMILLAN,4,0.00002
LOCK,4,0.00002
LAMONTAGNE,4,0.00002
JASSO,4,0.00002
JAIME,4,0.00002
HORST,4,0.00002
HETRICK,4,0.00002
HEILMAN,4,0.00002
GAYTAN,4,0.00002
GALL,4,0.00002
FRIED,4,0.00002
FORTNEY,4,0.00002
EDEN,4,0.00002
DINGLE,4,0.00002
DESJARDINS,4,0.00002
DABBS,4,0.00002
BURBANK,4,0.00002
BRIGHAM,4,0.00002
BRELAND,4,0.00002
BEAMAN,4,0.00002
BANNER,4,0.00002
ARRIOLA,4,0.00002
YARBOROUGH,4,0.00002
WALLIN,4,0.00002
TREAT,4,0.00002
TOSCANO,4,0.00002
STOWERS,4,0.00002
REISS,4,0.00002
PICHARDO,4,0.00002
ORTON,4,0.00002
MITCHEL,4,0.00002
MICHELS,4,0.00002
MCNAMEE,4,0.00002
MCCRORY,4,0.00002
LEATHERMAN,4,0.00002
KELL,4,0.00002
KEISTER,4,0.00002
JEROME,4,0.00002
HORNING,4,0.00002
HARGETT,4,0.00002
GUAY,4,0.00002
FRIDAY,4,0.00002
FERRO,4,0.00002
DEBOER,4,0.00002
DAGOSTINO,4,0.00002
CLEMENTE,4,0.00002
CHRIST,4,0.00002
CARPER,4,0.00002
BOWLER,4,0.00002
BLANKS,4,0.00002
BEAUDRY,4,0.00002
WILLIE,4,0.00002
TOWLE,4,0.00002
TAFOYA,4,0.00002
STRICKLIN,4,0.00002
STRADER,4,0.00002
SOPER,4,0.00002
SONNIER,4,0.00002
SIGMON,4,0.00002
SCHENK,4,0.00002
SADDLER,4,0.00002
RODMAN,4,0.00002
PEDIGO,4,0.00002
MENDES,4,0.00002
LUNN,4,0.00002
LOHR,4,0.00002
LAHR,4,0.00002
KINGSBURY,4,0.00002
JARMAN,4,0.00002
HUME,4,0.00002
HOLLIMAN,4,0.00002
HOFMANN,4,0.00002
